отчёт,перестановок,сумма,вывод,хрупких клеток,сумма по перестановкам,вывод по перестановкам совпал,худший..лучший случай,вывод устойчив к хрупким,"устойчивых клеток при T=0,7",банк
2022_q4,5,-2,mixed,0,-2..-2,5/5,-2..-2,True,0.917,Сбер
2023_q1,5,12,mixed,3,11..12,5/5,10..13,False,0.917,Сбер
2023_q2,5,12,mixed,7,9..16,3/5,8..16,False,0.75,Сбер
2023_q3,5,12,mixed,1,11..12,5/5,11..12,True,0.667,Сбер
2023_q4,5,29,strong,2,29..31,5/5,29..31,True,0.958,Сбер
2024_q1,5,9,mixed,1,8..9,5/5,8..9,True,0.917,Сбер
2024_q2,5,14,strong,2,13..15,5/5,12..15,False,0.875,Сбер
2024_q3,5,4,mixed,3,2..5,5/5,1..6,True,0.917,Сбер
2024_q4,5,3,mixed,3,3..4,5/5,2..5,True,0.792,Сбер
2025_q1,5,6,mixed,0,6..6,5/5,6..6,True,0.917,Сбер
2025_q2,5,5,mixed,1,4..5,5/5,4..5,True,0.875,Сбер
2025_q3,5,4,mixed,0,4..4,5/5,4..4,True,0.958,Сбер
2025_q4,5,13,strong,3,11..13,2/5,9..14,False,0.792,Сбер
2026_q1,5,9,mixed,2,7..9,5/5,7..9,True,0.875,Сбер
2026_q2,5,20,strong,1,20..21,5/5,20..21,True,0.75,Сбер
tbank_2024_q4,5,12,mixed,2,11..14,3/5,11..14,False,0.792,tbank
tbank_2026_q1,5,15,strong,4,15..19,5/5,15..20,True,0.75,tbank
tbank_2026_q2,5,6,mixed,5,6..10,5/5,6..12,True,0.75,tbank
vtb_2026_q1,5,2,mixed,3,0..3,5/5,0..4,True,0.875,vtb
