report,period,source_pdf,net_profit,eps,roe,guidance,nii,fee_income,nim,opex,cir,cor,provisions,portfolio_quality,corporate_loans,retail_loans,customer_funds,market_share,capital_adequacy,dividends,book_value_per_share,active_clients,digital_metrics,tech_development,external_conditions,ceo_tone,sum,verdict,stable_indicators_of_24
2022_q4,4 кв. и 12 мес. 2022,2022_ifrs_.pdf,-2,-2,-2,0,1,2,0,0,-2,-2,-2,1,1,1,1,1,1,1,1,0,1,1,-1,-2,-2,mixed,24
2023_q1,1 кв. 2023,2023_q1_ifrs_.pdf,0,0,0,1,1,-1,1,0,1,0,0,1,1,1,0,1,1,0,1,0,0,1,0,2,12,mixed,21
2023_q2,2 кв. 2023 (6 мес.),2023_q2_ifrs__.pdf,1,0,0,1,1,0,0,0,1,0,0,0,1,1,1,1,-1,2,0,0,0,1,1,1,12,mixed,17
2023_q3,3 кв. 2023 (9 мес.),2023__q3__ifrs__.pdf,0,0,0,1,0,0,0,0,1,0,0,0,2,2,2,1,-1,0,1,0,1,1,-1,2,12,mixed,23
2023_q4,4 кв. и 12 мес. 2023,2023_ifrs_.pdf,2,2,2,0,2,1,1,2,2,2,2,1,2,2,2,1,-1,0,1,0,1,1,-1,2,29,strong,22
2024_q1,1 кв. 2024,2024_q1_xevivhwo_.pdf,1,1,-1,0,2,1,0,-2,-2,2,2,1,0,0,1,1,0,0,1,0,0,1,-1,1,9,mixed,23
2024_q2,2 кв. 2024 (6 мес.),2024_q2_najzxgya.pdf,1,1,0,1,2,1,0,-2,-2,1,1,1,1,1,1,1,1,2,0,0,0,1,0,1,14,strong,22
2024_q3,3 кв. 2024 (9 мес.),q3_hblsyjgb_2024.pdf,0,0,-2,0,1,1,0,1,1,-2,-2,0,1,1,2,1,-1,1,0,0,0,1,-1,1,4,mixed,21
2024_q4,4 кв. и 12 мес. 2024,results_q4_qx5ln89k_2024.pdf,0,0,-2,1,1,1,-1,1,1,-2,-2,-1,2,1,2,1,-1,0,1,0,0,1,-1,0,3,mixed,21
2025_q1,1 кв. 2025,q1_1mx9mq2c_2025year_results_ifrs.pdf,1,1,0,0,2,1,0,1,1,-2,-2,-1,0,0,0,1,1,0,1,0,0,1,-1,1,6,mixed,24
2025_q2,2 кв. 2025 (6 мес.),ifrs_results_q2_ry5mjx7g_2025.pdf,0,0,-2,0,2,-1,1,1,1,-2,-2,-1,1,0,1,1,1,2,1,0,0,1,-1,1,5,mixed,23
2025_q3,3 кв. 2025 (9 мес.),ifrs_results_q3_4gpw5f9j_2025.pdf,1,1,-2,0,2,0,1,0,0,-1,-2,-1,1,0,1,1,0,0,1,0,0,1,-1,1,4,mixed,24
2025_q4,4 кв. и 12 мес. 2025,ifrs_results_q4_1pbxnuiy_2025.pdf,1,1,-1,1,2,-1,1,-1,-2,1,2,-1,2,1,2,1,1,0,2,0,0,1,-1,1,13,strong,21
2026_q1,1 кв. 2026,results_q1_a3s5t86k_2026.pdf,2,2,0,0,2,0,0,1,0,0,-2,1,0,0,0,1,0,0,1,0,0,1,-1,1,9,mixed,22
2026_q2,2 кв. 2026 (6 мес.),results_q2_hjy9aepw_2026.pdf,2,2,1,0,2,1,1,-1,1,2,2,-1,0,1,0,1,1,2,0,0,0,1,1,1,20,strong,23
