report,period,block,indicator,name,run1,run2,run3,run4,run5,final,fragile,scored_by
2022_q4,4 кв. и 12 мес. 2022,Прибыльность,net_profit,Чистая прибыль,-2,-2,-2,-2,-2,-2,False,код
2022_q4,4 кв. и 12 мес. 2022,Прибыльность,eps,Прибыль на акцию (EPS),-2,-2,-2,-2,-2,-2,False,код
2022_q4,4 кв. и 12 мес. 2022,Прибыльность,roe,Рентабельность капитала (ROE),-2,-2,-2,-2,-2,-2,False,код
2022_q4,4 кв. и 12 мес. 2022,Прибыльность,guidance,Прогноз менеджмента,0,0,0,0,0,0,False,модель
2022_q4,4 кв. и 12 мес. 2022,Доходы,nii,Чистые процентные доходы,1,1,1,1,1,1,False,код
2022_q4,4 кв. и 12 мес. 2022,Доходы,fee_income,Чистые комиссионные доходы,2,2,2,2,2,2,False,код
2022_q4,4 кв. и 12 мес. 2022,Доходы,nim,Чистая процентная маржа (NIM),0,0,0,0,0,0,False,код
2022_q4,4 кв. и 12 мес. 2022,Эффективность,opex,Операционные расходы,0,0,0,0,0,0,False,код
2022_q4,4 кв. и 12 мес. 2022,Эффективность,cir,Отношение расходов к доходам (CIR),-2,-2,-2,-2,-2,-2,False,код
2022_q4,4 кв. и 12 мес. 2022,Риск,cor,Стоимость риска (CoR),-2,-2,-2,-2,-2,-2,False,код
2022_q4,4 кв. и 12 мес. 2022,Риск,provisions,Расходы на резервы,-2,-2,-2,-2,-2,-2,False,код
2022_q4,4 кв. и 12 мес. 2022,Риск,portfolio_quality,Качество портфеля,1,1,1,1,1,1,False,модель
2022_q4,4 кв. и 12 мес. 2022,Баланс,corporate_loans,Корпоративный портфель,1,1,1,1,1,1,False,код
2022_q4,4 кв. и 12 мес. 2022,Баланс,retail_loans,Розничный портфель,1,1,1,1,1,1,False,код
2022_q4,4 кв. и 12 мес. 2022,Баланс,customer_funds,Средства клиентов,1,1,1,1,1,1,False,код
2022_q4,4 кв. и 12 мес. 2022,Баланс,market_share,Доля рынка,1,1,1,1,1,1,False,модель
2022_q4,4 кв. и 12 мес. 2022,Капитал,capital_adequacy,Достаточность капитала (Н20.0),1,1,1,1,1,1,False,код
2022_q4,4 кв. и 12 мес. 2022,Капитал,dividends,Дивиденды,1,1,1,1,1,1,False,модель
2022_q4,4 кв. и 12 мес. 2022,Капитал,book_value_per_share,Балансовая стоимость акции,1,1,1,1,1,1,False,код
2022_q4,4 кв. и 12 мес. 2022,Клиенты,active_clients,Активные клиенты,0,0,0,0,0,0,False,код
2022_q4,4 кв. и 12 мес. 2022,Клиенты,digital_metrics,Цифровые метрики,1,1,1,1,1,1,False,код
2022_q4,4 кв. и 12 мес. 2022,Клиенты,tech_development,Технологическое развитие,1,1,1,1,1,1,False,модель
2022_q4,4 кв. и 12 мес. 2022,Среда,external_conditions,Внешние условия,-1,-1,-1,-1,-1,-1,False,модель
2022_q4,4 кв. и 12 мес. 2022,Среда,ceo_tone,Тональность руководителя,-2,-2,-2,-2,-2,-2,False,модель
2023_q1,1 кв. 2023,Прибыльность,net_profit,Чистая прибыль,0,0,0,0,0,0,False,код
2023_q1,1 кв. 2023,Прибыльность,eps,Прибыль на акцию (EPS),0,0,0,0,0,0,False,код
2023_q1,1 кв. 2023,Прибыльность,roe,Рентабельность капитала (ROE),0,0,0,0,0,0,False,код
2023_q1,1 кв. 2023,Прибыльность,guidance,Прогноз менеджмента,1,1,1,1,1,1,False,модель
2023_q1,1 кв. 2023,Доходы,nii,Чистые процентные доходы,1,1,1,0,1,1,True,модель (запасной выход)
2023_q1,1 кв. 2023,Доходы,fee_income,Чистые комиссионные доходы,-1,-1,-1,0,-1,-1,True,модель (запасной выход)
2023_q1,1 кв. 2023,Доходы,nim,Чистая процентная маржа (NIM),1,1,1,0,1,1,True,модель (запасной выход)
2023_q1,1 кв. 2023,Эффективность,opex,Операционные расходы,0,0,0,0,0,0,False,код
2023_q1,1 кв. 2023,Эффективность,cir,Отношение расходов к доходам (CIR),1,1,1,1,1,1,False,модель (запасной выход)
2023_q1,1 кв. 2023,Риск,cor,Стоимость риска (CoR),0,0,0,0,0,0,False,код
2023_q1,1 кв. 2023,Риск,provisions,Расходы на резервы,0,0,0,0,0,0,False,код
2023_q1,1 кв. 2023,Риск,portfolio_quality,Качество портфеля,1,1,1,1,1,1,False,модель
2023_q1,1 кв. 2023,Баланс,corporate_loans,Корпоративный портфель,1,1,1,1,1,1,False,код
2023_q1,1 кв. 2023,Баланс,retail_loans,Розничный портфель,1,1,1,1,1,1,False,код
2023_q1,1 кв. 2023,Баланс,customer_funds,Средства клиентов,0,0,0,0,0,0,False,код
2023_q1,1 кв. 2023,Баланс,market_share,Доля рынка,1,1,1,1,1,1,False,модель
2023_q1,1 кв. 2023,Капитал,capital_adequacy,Достаточность капитала (Н20.0),1,1,1,1,1,1,False,код
2023_q1,1 кв. 2023,Капитал,dividends,Дивиденды,0,0,0,0,0,0,False,модель
2023_q1,1 кв. 2023,Капитал,book_value_per_share,Балансовая стоимость акции,1,1,1,1,1,1,False,код
2023_q1,1 кв. 2023,Клиенты,active_clients,Активные клиенты,0,0,0,0,0,0,False,код
2023_q1,1 кв. 2023,Клиенты,digital_metrics,Цифровые метрики,0,0,0,0,0,0,False,код
2023_q1,1 кв. 2023,Клиенты,tech_development,Технологическое развитие,1,1,1,1,1,1,False,модель
2023_q1,1 кв. 2023,Среда,external_conditions,Внешние условия,0,0,0,0,0,0,False,модель
2023_q1,1 кв. 2023,Среда,ceo_tone,Тональность руководителя,2,2,2,2,2,2,False,модель
2023_q2,2 кв. 2023 (6 мес.),Прибыльность,net_profit,Чистая прибыль,1,0,1,1,0,1,True,модель (запасной выход)
2023_q2,2 кв. 2023 (6 мес.),Прибыльность,eps,Прибыль на акцию (EPS),0,0,0,0,0,0,False,код
2023_q2,2 кв. 2023 (6 мес.),Прибыльность,roe,Рентабельность капитала (ROE),1,0,0,1,0,0,True,код
2023_q2,2 кв. 2023 (6 мес.),Прибыльность,guidance,Прогноз менеджмента,1,1,1,1,1,1,False,модель
2023_q2,2 кв. 2023 (6 мес.),Доходы,nii,Чистые процентные доходы,1,0,1,1,0,1,True,модель (запасной выход)
2023_q2,2 кв. 2023 (6 мес.),Доходы,fee_income,Чистые комиссионные доходы,1,0,0,0,0,0,True,код
2023_q2,2 кв. 2023 (6 мес.),Доходы,nim,Чистая процентная маржа (NIM),1,0,0,0,0,0,True,код
2023_q2,2 кв. 2023 (6 мес.),Эффективность,opex,Операционные расходы,0,0,0,0,0,0,False,код
2023_q2,2 кв. 2023 (6 мес.),Эффективность,cir,Отношение расходов к доходам (CIR),1,0,1,1,-1,1,True,модель (запасной выход)
2023_q2,2 кв. 2023 (6 мес.),Риск,cor,Стоимость риска (CoR),0,0,0,0,0,0,False,код
2023_q2,2 кв. 2023 (6 мес.),Риск,provisions,Расходы на резервы,0,0,0,0,0,0,False,код
2023_q2,2 кв. 2023 (6 мес.),Риск,portfolio_quality,Качество портфеля,0,0,0,0,0,0,False,модель
2023_q2,2 кв. 2023 (6 мес.),Баланс,corporate_loans,Корпоративный портфель,1,1,1,1,1,1,False,код
2023_q2,2 кв. 2023 (6 мес.),Баланс,retail_loans,Розничный портфель,1,1,1,1,1,1,False,код
2023_q2,2 кв. 2023 (6 мес.),Баланс,customer_funds,Средства клиентов,1,1,1,1,1,1,False,код
2023_q2,2 кв. 2023 (6 мес.),Баланс,market_share,Доля рынка,1,1,1,1,1,1,False,модель
2023_q2,2 кв. 2023 (6 мес.),Капитал,capital_adequacy,Достаточность капитала (Н20.0),-1,-1,-1,-1,-1,-1,False,код
2023_q2,2 кв. 2023 (6 мес.),Капитал,dividends,Дивиденды,2,2,2,2,2,2,False,модель
2023_q2,2 кв. 2023 (6 мес.),Капитал,book_value_per_share,Балансовая стоимость акции,0,0,0,0,0,0,False,код
2023_q2,2 кв. 2023 (6 мес.),Клиенты,active_clients,Активные клиенты,0,0,0,0,0,0,False,код
2023_q2,2 кв. 2023 (6 мес.),Клиенты,digital_metrics,Цифровые метрики,0,0,0,0,0,0,False,код
2023_q2,2 кв. 2023 (6 мес.),Клиенты,tech_development,Технологическое развитие,1,1,1,1,1,1,False,модель
2023_q2,2 кв. 2023 (6 мес.),Среда,external_conditions,Внешние условия,1,1,1,1,1,1,False,модель
2023_q2,2 кв. 2023 (6 мес.),Среда,ceo_tone,Тональность руководителя,2,1,1,1,2,1,True,модель
2023_q3,3 кв. 2023 (9 мес.),Прибыльность,net_profit,Чистая прибыль,0,0,0,0,0,0,False,код
2023_q3,3 кв. 2023 (9 мес.),Прибыльность,eps,Прибыль на акцию (EPS),0,0,0,0,0,0,False,код
2023_q3,3 кв. 2023 (9 мес.),Прибыльность,roe,Рентабельность капитала (ROE),0,0,0,0,0,0,False,код
2023_q3,3 кв. 2023 (9 мес.),Прибыльность,guidance,Прогноз менеджмента,1,1,1,1,1,1,False,модель
2023_q3,3 кв. 2023 (9 мес.),Доходы,nii,Чистые процентные доходы,0,0,0,0,0,0,False,код
2023_q3,3 кв. 2023 (9 мес.),Доходы,fee_income,Чистые комиссионные доходы,0,0,0,0,0,0,False,код
2023_q3,3 кв. 2023 (9 мес.),Доходы,nim,Чистая процентная маржа (NIM),0,0,0,0,0,0,False,код
2023_q3,3 кв. 2023 (9 мес.),Эффективность,opex,Операционные расходы,0,0,0,0,0,0,False,код
2023_q3,3 кв. 2023 (9 мес.),Эффективность,cir,Отношение расходов к доходам (CIR),1,0,1,1,1,1,True,модель (запасной выход)
2023_q3,3 кв. 2023 (9 мес.),Риск,cor,Стоимость риска (CoR),0,0,0,0,0,0,False,код
2023_q3,3 кв. 2023 (9 мес.),Риск,provisions,Расходы на резервы,0,0,0,0,0,0,False,код
2023_q3,3 кв. 2023 (9 мес.),Риск,portfolio_quality,Качество портфеля,0,0,0,0,0,0,False,модель
2023_q3,3 кв. 2023 (9 мес.),Баланс,corporate_loans,Корпоративный портфель,2,2,2,2,2,2,False,код
2023_q3,3 кв. 2023 (9 мес.),Баланс,retail_loans,Розничный портфель,2,2,2,2,2,2,False,код
2023_q3,3 кв. 2023 (9 мес.),Баланс,customer_funds,Средства клиентов,2,2,2,2,2,2,False,код
2023_q3,3 кв. 2023 (9 мес.),Баланс,market_share,Доля рынка,1,1,1,1,1,1,False,модель
2023_q3,3 кв. 2023 (9 мес.),Капитал,capital_adequacy,Достаточность капитала (Н20.0),-1,-1,-1,-1,-1,-1,False,код
2023_q3,3 кв. 2023 (9 мес.),Капитал,dividends,Дивиденды,0,0,0,0,0,0,False,модель
2023_q3,3 кв. 2023 (9 мес.),Капитал,book_value_per_share,Балансовая стоимость акции,1,1,1,1,1,1,False,код
2023_q3,3 кв. 2023 (9 мес.),Клиенты,active_clients,Активные клиенты,0,0,0,0,0,0,False,код
2023_q3,3 кв. 2023 (9 мес.),Клиенты,digital_metrics,Цифровые метрики,1,1,1,1,1,1,False,код
2023_q3,3 кв. 2023 (9 мес.),Клиенты,tech_development,Технологическое развитие,1,1,1,1,1,1,False,модель
2023_q3,3 кв. 2023 (9 мес.),Среда,external_conditions,Внешние условия,-1,-1,-1,-1,-1,-1,False,модель
2023_q3,3 кв. 2023 (9 мес.),Среда,ceo_tone,Тональность руководителя,2,2,2,2,2,2,False,модель
2023_q4,4 кв. и 12 мес. 2023,Прибыльность,net_profit,Чистая прибыль,2,2,2,2,2,2,False,код
2023_q4,4 кв. и 12 мес. 2023,Прибыльность,eps,Прибыль на акцию (EPS),2,2,2,2,2,2,False,код
2023_q4,4 кв. и 12 мес. 2023,Прибыльность,roe,Рентабельность капитала (ROE),2,2,2,2,2,2,False,код
2023_q4,4 кв. и 12 мес. 2023,Прибыльность,guidance,Прогноз менеджмента,0,0,0,0,0,0,False,модель
2023_q4,4 кв. и 12 мес. 2023,Доходы,nii,Чистые процентные доходы,2,2,2,2,2,2,False,код
2023_q4,4 кв. и 12 мес. 2023,Доходы,fee_income,Чистые комиссионные доходы,1,1,1,1,1,1,False,код
2023_q4,4 кв. и 12 мес. 2023,Доходы,nim,Чистая процентная маржа (NIM),1,1,1,1,1,1,False,код
2023_q4,4 кв. и 12 мес. 2023,Эффективность,opex,Операционные расходы,2,2,2,2,2,2,False,код
2023_q4,4 кв. и 12 мес. 2023,Эффективность,cir,Отношение расходов к доходам (CIR),2,2,2,2,2,2,False,код
2023_q4,4 кв. и 12 мес. 2023,Риск,cor,Стоимость риска (CoR),2,2,2,2,2,2,False,код
2023_q4,4 кв. и 12 мес. 2023,Риск,provisions,Расходы на резервы,2,2,2,2,2,2,False,код
2023_q4,4 кв. и 12 мес. 2023,Риск,portfolio_quality,Качество портфеля,1,1,1,1,1,1,False,модель
2023_q4,4 кв. и 12 мес. 2023,Баланс,corporate_loans,Корпоративный портфель,2,2,2,2,2,2,False,код
2023_q4,4 кв. и 12 мес. 2023,Баланс,retail_loans,Розничный портфель,2,2,2,2,2,2,False,код
2023_q4,4 кв. и 12 мес. 2023,Баланс,customer_funds,Средства клиентов,2,2,2,2,2,2,False,код
2023_q4,4 кв. и 12 мес. 2023,Баланс,market_share,Доля рынка,1,1,1,1,1,1,False,модель
2023_q4,4 кв. и 12 мес. 2023,Капитал,capital_adequacy,Достаточность капитала (Н20.0),-1,0,-1,-1,-1,-1,True,код
2023_q4,4 кв. и 12 мес. 2023,Капитал,dividends,Дивиденды,0,0,0,0,0,0,False,модель
2023_q4,4 кв. и 12 мес. 2023,Капитал,book_value_per_share,Балансовая стоимость акции,1,1,1,1,1,1,False,код
2023_q4,4 кв. и 12 мес. 2023,Клиенты,active_clients,Активные клиенты,0,0,0,0,0,0,False,код
2023_q4,4 кв. и 12 мес. 2023,Клиенты,digital_metrics,Цифровые метрики,1,1,1,1,1,1,False,код
2023_q4,4 кв. и 12 мес. 2023,Клиенты,tech_development,Технологическое развитие,1,1,1,1,1,1,False,модель
2023_q4,4 кв. и 12 мес. 2023,Среда,external_conditions,Внешние условия,0,0,-1,-1,-1,-1,True,модель
2023_q4,4 кв. и 12 мес. 2023,Среда,ceo_tone,Тональность руководителя,2,2,2,2,2,2,False,модель
2024_q1,1 кв. 2024,Прибыльность,net_profit,Чистая прибыль,1,1,1,1,1,1,False,код
2024_q1,1 кв. 2024,Прибыльность,eps,Прибыль на акцию (EPS),1,1,1,1,1,1,False,код
2024_q1,1 кв. 2024,Прибыльность,roe,Рентабельность капитала (ROE),-1,-1,-1,-1,-1,-1,False,код
2024_q1,1 кв. 2024,Прибыльность,guidance,Прогноз менеджмента,0,0,0,0,0,0,False,модель
2024_q1,1 кв. 2024,Доходы,nii,Чистые процентные доходы,2,2,2,2,2,2,False,код
2024_q1,1 кв. 2024,Доходы,fee_income,Чистые комиссионные доходы,1,1,1,1,1,1,False,код
2024_q1,1 кв. 2024,Доходы,nim,Чистая процентная маржа (NIM),0,0,0,0,0,0,False,код
2024_q1,1 кв. 2024,Эффективность,opex,Операционные расходы,-2,-2,-2,-2,-2,-2,False,код
2024_q1,1 кв. 2024,Эффективность,cir,Отношение расходов к доходам (CIR),-2,-2,-2,-2,-2,-2,False,код
2024_q1,1 кв. 2024,Риск,cor,Стоимость риска (CoR),2,2,2,2,2,2,False,код
2024_q1,1 кв. 2024,Риск,provisions,Расходы на резервы,2,2,2,2,2,2,False,код
2024_q1,1 кв. 2024,Риск,portfolio_quality,Качество портфеля,0,1,0,1,1,1,True,модель
2024_q1,1 кв. 2024,Баланс,corporate_loans,Корпоративный портфель,0,0,0,0,0,0,False,код
2024_q1,1 кв. 2024,Баланс,retail_loans,Розничный портфель,0,0,0,0,0,0,False,код
2024_q1,1 кв. 2024,Баланс,customer_funds,Средства клиентов,1,1,1,1,1,1,False,код
2024_q1,1 кв. 2024,Баланс,market_share,Доля рынка,1,1,1,1,1,1,False,модель
2024_q1,1 кв. 2024,Капитал,capital_adequacy,Достаточность капитала (Н20.0),0,0,0,0,0,0,False,код
2024_q1,1 кв. 2024,Капитал,dividends,Дивиденды,0,0,0,0,0,0,False,модель
2024_q1,1 кв. 2024,Капитал,book_value_per_share,Балансовая стоимость акции,1,1,1,1,1,1,False,код
2024_q1,1 кв. 2024,Клиенты,active_clients,Активные клиенты,0,0,0,0,0,0,False,код
2024_q1,1 кв. 2024,Клиенты,digital_metrics,Цифровые метрики,0,0,0,0,0,0,False,код
2024_q1,1 кв. 2024,Клиенты,tech_development,Технологическое развитие,1,1,1,1,1,1,False,модель
2024_q1,1 кв. 2024,Среда,external_conditions,Внешние условия,-1,-1,-1,-1,-1,-1,False,модель
2024_q1,1 кв. 2024,Среда,ceo_tone,Тональность руководителя,1,1,1,1,1,1,False,модель
2024_q2,2 кв. 2024 (6 мес.),Прибыльность,net_profit,Чистая прибыль,1,1,1,1,1,1,False,код
2024_q2,2 кв. 2024 (6 мес.),Прибыльность,eps,Прибыль на акцию (EPS),1,1,1,1,1,1,False,код
2024_q2,2 кв. 2024 (6 мес.),Прибыльность,roe,Рентабельность капитала (ROE),0,0,0,0,0,0,False,код
2024_q2,2 кв. 2024 (6 мес.),Прибыльность,guidance,Прогноз менеджмента,1,1,1,1,1,1,False,модель
2024_q2,2 кв. 2024 (6 мес.),Доходы,nii,Чистые процентные доходы,2,2,2,2,2,2,False,код
2024_q2,2 кв. 2024 (6 мес.),Доходы,fee_income,Чистые комиссионные доходы,1,1,1,1,1,1,False,код
2024_q2,2 кв. 2024 (6 мес.),Доходы,nim,Чистая процентная маржа (NIM),0,0,0,0,0,0,False,код
2024_q2,2 кв. 2024 (6 мес.),Эффективность,opex,Операционные расходы,-2,-2,-2,-2,-2,-2,False,код
2024_q2,2 кв. 2024 (6 мес.),Эффективность,cir,Отношение расходов к доходам (CIR),-2,-2,-2,-2,-2,-2,False,код
2024_q2,2 кв. 2024 (6 мес.),Риск,cor,Стоимость риска (CoR),1,1,1,1,1,1,False,код
2024_q2,2 кв. 2024 (6 мес.),Риск,provisions,Расходы на резервы,1,1,1,1,1,1,False,код
2024_q2,2 кв. 2024 (6 мес.),Риск,portfolio_quality,Качество портфеля,1,1,0,1,1,1,True,модель
2024_q2,2 кв. 2024 (6 мес.),Баланс,corporate_loans,Корпоративный портфель,1,1,1,1,1,1,False,код
2024_q2,2 кв. 2024 (6 мес.),Баланс,retail_loans,Розничный портфель,1,1,1,1,1,1,False,код
2024_q2,2 кв. 2024 (6 мес.),Баланс,customer_funds,Средства клиентов,1,1,1,1,1,1,False,код
2024_q2,2 кв. 2024 (6 мес.),Баланс,market_share,Доля рынка,1,1,1,1,1,1,False,модель
2024_q2,2 кв. 2024 (6 мес.),Капитал,capital_adequacy,Достаточность капитала (Н20.0),1,1,1,1,1,1,False,код
2024_q2,2 кв. 2024 (6 мес.),Капитал,dividends,Дивиденды,2,2,2,2,2,2,False,модель
2024_q2,2 кв. 2024 (6 мес.),Капитал,book_value_per_share,Балансовая стоимость акции,0,0,0,0,0,0,False,код
2024_q2,2 кв. 2024 (6 мес.),Клиенты,active_clients,Активные клиенты,0,0,0,0,0,0,False,код
2024_q2,2 кв. 2024 (6 мес.),Клиенты,digital_metrics,Цифровые метрики,0,0,0,0,0,0,False,код
2024_q2,2 кв. 2024 (6 мес.),Клиенты,tech_development,Технологическое развитие,1,1,1,1,1,1,False,модель
2024_q2,2 кв. 2024 (6 мес.),Среда,external_conditions,Внешние условия,1,-1,0,0,0,0,True,модель
2024_q2,2 кв. 2024 (6 мес.),Среда,ceo_tone,Тональность руководителя,1,1,1,1,1,1,False,модель
2024_q3,3 кв. 2024 (9 мес.),Прибыльность,net_profit,Чистая прибыль,0,0,0,0,0,0,False,код
2024_q3,3 кв. 2024 (9 мес.),Прибыльность,eps,Прибыль на акцию (EPS),0,0,0,0,0,0,False,код
2024_q3,3 кв. 2024 (9 мес.),Прибыльность,roe,Рентабельность капитала (ROE),-2,-2,-2,-2,-2,-2,False,код
2024_q3,3 кв. 2024 (9 мес.),Прибыльность,guidance,Прогноз менеджмента,0,0,0,0,0,0,False,модель
2024_q3,3 кв. 2024 (9 мес.),Доходы,nii,Чистые процентные доходы,1,1,1,1,1,1,False,код
2024_q3,3 кв. 2024 (9 мес.),Доходы,fee_income,Чистые комиссионные доходы,1,1,1,1,1,1,False,код
2024_q3,3 кв. 2024 (9 мес.),Доходы,nim,Чистая процентная маржа (NIM),0,0,0,0,0,0,False,код
2024_q3,3 кв. 2024 (9 мес.),Эффективность,opex,Операционные расходы,1,1,1,1,1,1,False,код
2024_q3,3 кв. 2024 (9 мес.),Эффективность,cir,Отношение расходов к доходам (CIR),1,1,1,1,1,1,False,код
2024_q3,3 кв. 2024 (9 мес.),Риск,cor,Стоимость риска (CoR),-2,-2,0,-2,-2,-2,True,код
2024_q3,3 кв. 2024 (9 мес.),Риск,provisions,Расходы на резервы,-2,-2,-2,-2,-2,-2,False,код
2024_q3,3 кв. 2024 (9 мес.),Риск,portfolio_quality,Качество портфеля,0,0,0,0,0,0,False,модель
2024_q3,3 кв. 2024 (9 мес.),Баланс,corporate_loans,Корпоративный портфель,1,1,1,1,1,1,False,код
2024_q3,3 кв. 2024 (9 мес.),Баланс,retail_loans,Розничный портфель,1,1,1,1,1,1,False,код
2024_q3,3 кв. 2024 (9 мес.),Баланс,customer_funds,Средства клиентов,2,2,2,2,2,2,False,код
2024_q3,3 кв. 2024 (9 мес.),Баланс,market_share,Доля рынка,1,1,1,1,1,1,False,модель
2024_q3,3 кв. 2024 (9 мес.),Капитал,capital_adequacy,Достаточность капитала (Н20.0),-1,-1,-1,-1,-1,-1,False,код
2024_q3,3 кв. 2024 (9 мес.),Капитал,dividends,Дивиденды,1,1,1,1,0,1,True,модель
2024_q3,3 кв. 2024 (9 мес.),Капитал,book_value_per_share,Балансовая стоимость акции,0,0,0,0,0,0,False,код
2024_q3,3 кв. 2024 (9 мес.),Клиенты,active_clients,Активные клиенты,0,0,0,0,0,0,False,код
2024_q3,3 кв. 2024 (9 мес.),Клиенты,digital_metrics,Цифровые метрики,0,0,0,0,0,0,False,код
2024_q3,3 кв. 2024 (9 мес.),Клиенты,tech_development,Технологическое развитие,1,1,1,1,1,1,False,модель
2024_q3,3 кв. 2024 (9 мес.),Среда,external_conditions,Внешние условия,-1,-1,-1,-1,-1,-1,False,модель
2024_q3,3 кв. 2024 (9 мес.),Среда,ceo_tone,Тональность руководителя,1,-1,0,1,1,1,True,модель
2024_q4,4 кв. и 12 мес. 2024,Прибыльность,net_profit,Чистая прибыль,0,0,0,0,0,0,False,код
2024_q4,4 кв. и 12 мес. 2024,Прибыльность,eps,Прибыль на акцию (EPS),0,0,0,0,0,0,False,код
2024_q4,4 кв. и 12 мес. 2024,Прибыльность,roe,Рентабельность капитала (ROE),-2,-2,-2,-2,-2,-2,False,код
2024_q4,4 кв. и 12 мес. 2024,Прибыльность,guidance,Прогноз менеджмента,1,1,1,1,1,1,False,модель
2024_q4,4 кв. и 12 мес. 2024,Доходы,nii,Чистые процентные доходы,1,1,1,1,1,1,False,код
2024_q4,4 кв. и 12 мес. 2024,Доходы,fee_income,Чистые комиссионные доходы,1,1,1,1,1,1,False,код
2024_q4,4 кв. и 12 мес. 2024,Доходы,nim,Чистая процентная маржа (NIM),-1,-1,-1,-1,-1,-1,False,код
2024_q4,4 кв. и 12 мес. 2024,Эффективность,opex,Операционные расходы,1,1,1,1,1,1,False,код
2024_q4,4 кв. и 12 мес. 2024,Эффективность,cir,Отношение расходов к доходам (CIR),1,1,1,1,1,1,False,код
2024_q4,4 кв. и 12 мес. 2024,Риск,cor,Стоимость риска (CoR),-2,-2,-2,-2,-2,-2,False,код
2024_q4,4 кв. и 12 мес. 2024,Риск,provisions,Расходы на резервы,-1,-2,-2,-1,-2,-2,True,код
2024_q4,4 кв. и 12 мес. 2024,Риск,portfolio_quality,Качество портфеля,-1,0,0,-1,-1,-1,True,модель
2024_q4,4 кв. и 12 мес. 2024,Баланс,corporate_loans,Корпоративный портфель,2,2,2,2,2,2,False,код
2024_q4,4 кв. и 12 мес. 2024,Баланс,retail_loans,Розничный портфель,1,1,1,1,1,1,False,код
2024_q4,4 кв. и 12 мес. 2024,Баланс,customer_funds,Средства клиентов,2,2,2,2,2,2,False,код
2024_q4,4 кв. и 12 мес. 2024,Баланс,market_share,Доля рынка,1,1,1,0,1,1,True,модель
2024_q4,4 кв. и 12 мес. 2024,Капитал,capital_adequacy,Достаточность капитала (Н20.0),-1,-1,-1,-1,-1,-1,False,код
2024_q4,4 кв. и 12 мес. 2024,Капитал,dividends,Дивиденды,0,0,0,0,0,0,False,модель
2024_q4,4 кв. и 12 мес. 2024,Капитал,book_value_per_share,Балансовая стоимость акции,1,1,1,1,1,1,False,код
2024_q4,4 кв. и 12 мес. 2024,Клиенты,active_clients,Активные клиенты,0,0,0,0,0,0,False,код
2024_q4,4 кв. и 12 мес. 2024,Клиенты,digital_metrics,Цифровые метрики,0,0,0,0,0,0,False,код
2024_q4,4 кв. и 12 мес. 2024,Клиенты,tech_development,Технологическое развитие,1,1,1,1,1,1,False,модель
2024_q4,4 кв. и 12 мес. 2024,Среда,external_conditions,Внешние условия,-1,-1,-1,-1,-1,-1,False,модель
2024_q4,4 кв. и 12 мес. 2024,Среда,ceo_tone,Тональность руководителя,0,0,0,0,0,0,False,модель
2025_q1,1 кв. 2025,Прибыльность,net_profit,Чистая прибыль,1,1,1,1,1,1,False,код
2025_q1,1 кв. 2025,Прибыльность,eps,Прибыль на акцию (EPS),1,1,1,1,1,1,False,код
2025_q1,1 кв. 2025,Прибыльность,roe,Рентабельность капитала (ROE),0,0,0,0,0,0,False,код
2025_q1,1 кв. 2025,Прибыльность,guidance,Прогноз менеджмента,0,0,0,0,0,0,False,модель
2025_q1,1 кв. 2025,Доходы,nii,Чистые процентные доходы,2,2,2,2,2,2,False,код
2025_q1,1 кв. 2025,Доходы,fee_income,Чистые комиссионные доходы,1,1,1,1,1,1,False,код
2025_q1,1 кв. 2025,Доходы,nim,Чистая процентная маржа (NIM),0,0,0,0,0,0,False,код
2025_q1,1 кв. 2025,Эффективность,opex,Операционные расходы,1,1,1,1,1,1,False,код
2025_q1,1 кв. 2025,Эффективность,cir,Отношение расходов к доходам (CIR),1,1,1,1,1,1,False,код
2025_q1,1 кв. 2025,Риск,cor,Стоимость риска (CoR),-2,-2,-2,-2,-2,-2,False,код
2025_q1,1 кв. 2025,Риск,provisions,Расходы на резервы,-2,-2,-2,-2,-2,-2,False,код
2025_q1,1 кв. 2025,Риск,portfolio_quality,Качество портфеля,-1,-1,-1,-1,-1,-1,False,модель
2025_q1,1 кв. 2025,Баланс,corporate_loans,Корпоративный портфель,0,0,0,0,0,0,False,код
2025_q1,1 кв. 2025,Баланс,retail_loans,Розничный портфель,0,0,0,0,0,0,False,код
2025_q1,1 кв. 2025,Баланс,customer_funds,Средства клиентов,0,0,0,0,0,0,False,код
2025_q1,1 кв. 2025,Баланс,market_share,Доля рынка,1,1,1,1,1,1,False,модель
2025_q1,1 кв. 2025,Капитал,capital_adequacy,Достаточность капитала (Н20.0),1,1,1,1,1,1,False,код
2025_q1,1 кв. 2025,Капитал,dividends,Дивиденды,0,0,0,0,0,0,False,модель
2025_q1,1 кв. 2025,Капитал,book_value_per_share,Балансовая стоимость акции,1,1,1,1,1,1,False,код
2025_q1,1 кв. 2025,Клиенты,active_clients,Активные клиенты,0,0,0,0,0,0,False,код
2025_q1,1 кв. 2025,Клиенты,digital_metrics,Цифровые метрики,0,0,0,0,0,0,False,код
2025_q1,1 кв. 2025,Клиенты,tech_development,Технологическое развитие,1,1,1,1,1,1,False,модель
2025_q1,1 кв. 2025,Среда,external_conditions,Внешние условия,-1,-1,-1,-1,-1,-1,False,модель
2025_q1,1 кв. 2025,Среда,ceo_tone,Тональность руководителя,1,1,1,1,1,1,False,модель
2025_q2,2 кв. 2025 (6 мес.),Прибыльность,net_profit,Чистая прибыль,0,0,0,0,0,0,False,код
2025_q2,2 кв. 2025 (6 мес.),Прибыльность,eps,Прибыль на акцию (EPS),0,0,0,0,0,0,False,код
2025_q2,2 кв. 2025 (6 мес.),Прибыльность,roe,Рентабельность капитала (ROE),-2,-2,-2,-2,-2,-2,False,код
2025_q2,2 кв. 2025 (6 мес.),Прибыльность,guidance,Прогноз менеджмента,0,0,0,0,0,0,False,модель
2025_q2,2 кв. 2025 (6 мес.),Доходы,nii,Чистые процентные доходы,2,2,2,2,2,2,False,код
2025_q2,2 кв. 2025 (6 мес.),Доходы,fee_income,Чистые комиссионные доходы,-1,-1,-1,-1,-1,-1,False,код
2025_q2,2 кв. 2025 (6 мес.),Доходы,nim,Чистая процентная маржа (NIM),1,1,1,1,1,1,False,код
2025_q2,2 кв. 2025 (6 мес.),Эффективность,opex,Операционные расходы,1,1,1,1,1,1,False,код
2025_q2,2 кв. 2025 (6 мес.),Эффективность,cir,Отношение расходов к доходам (CIR),1,1,1,1,1,1,False,код
2025_q2,2 кв. 2025 (6 мес.),Риск,cor,Стоимость риска (CoR),-2,-2,-2,-2,-2,-2,False,код
2025_q2,2 кв. 2025 (6 мес.),Риск,provisions,Расходы на резервы,-2,-2,-2,-2,-2,-2,False,код
2025_q2,2 кв. 2025 (6 мес.),Риск,portfolio_quality,Качество портфеля,-1,-1,-1,-1,-1,-1,False,модель
2025_q2,2 кв. 2025 (6 мес.),Баланс,corporate_loans,Корпоративный портфель,0,1,1,1,1,1,True,код
2025_q2,2 кв. 2025 (6 мес.),Баланс,retail_loans,Розничный портфель,0,0,0,0,0,0,False,код
2025_q2,2 кв. 2025 (6 мес.),Баланс,customer_funds,Средства клиентов,1,1,1,1,1,1,False,код
2025_q2,2 кв. 2025 (6 мес.),Баланс,market_share,Доля рынка,1,1,1,1,1,1,False,модель
2025_q2,2 кв. 2025 (6 мес.),Капитал,capital_adequacy,Достаточность капитала (Н20.0),1,1,1,1,1,1,False,код
2025_q2,2 кв. 2025 (6 мес.),Капитал,dividends,Дивиденды,2,2,2,2,2,2,False,модель
2025_q2,2 кв. 2025 (6 мес.),Капитал,book_value_per_share,Балансовая стоимость акции,1,1,1,1,1,1,False,код
2025_q2,2 кв. 2025 (6 мес.),Клиенты,active_clients,Активные клиенты,0,0,0,0,0,0,False,код
2025_q2,2 кв. 2025 (6 мес.),Клиенты,digital_metrics,Цифровые метрики,0,0,0,0,0,0,False,код
2025_q2,2 кв. 2025 (6 мес.),Клиенты,tech_development,Технологическое развитие,1,1,1,1,1,1,False,модель
2025_q2,2 кв. 2025 (6 мес.),Среда,external_conditions,Внешние условия,-1,-1,-1,-1,-1,-1,False,модель
2025_q2,2 кв. 2025 (6 мес.),Среда,ceo_tone,Тональность руководителя,1,1,1,1,1,1,False,модель
2025_q3,3 кв. 2025 (9 мес.),Прибыльность,net_profit,Чистая прибыль,1,1,1,1,1,1,False,код
2025_q3,3 кв. 2025 (9 мес.),Прибыльность,eps,Прибыль на акцию (EPS),1,1,1,1,1,1,False,код
2025_q3,3 кв. 2025 (9 мес.),Прибыльность,roe,Рентабельность капитала (ROE),-2,-2,-2,-2,-2,-2,False,код
2025_q3,3 кв. 2025 (9 мес.),Прибыльность,guidance,Прогноз менеджмента,0,0,0,0,0,0,False,модель
2025_q3,3 кв. 2025 (9 мес.),Доходы,nii,Чистые процентные доходы,2,2,2,2,2,2,False,код
2025_q3,3 кв. 2025 (9 мес.),Доходы,fee_income,Чистые комиссионные доходы,0,0,0,0,0,0,False,код
2025_q3,3 кв. 2025 (9 мес.),Доходы,nim,Чистая процентная маржа (NIM),1,1,1,1,1,1,False,код
2025_q3,3 кв. 2025 (9 мес.),Эффективность,opex,Операционные расходы,0,0,0,0,0,0,False,код
2025_q3,3 кв. 2025 (9 мес.),Эффективность,cir,Отношение расходов к доходам (CIR),0,0,0,0,0,0,False,код
2025_q3,3 кв. 2025 (9 мес.),Риск,cor,Стоимость риска (CoR),-1,-1,-1,-1,-1,-1,False,код
2025_q3,3 кв. 2025 (9 мес.),Риск,provisions,Расходы на резервы,-2,-2,-2,-2,-2,-2,False,код
2025_q3,3 кв. 2025 (9 мес.),Риск,portfolio_quality,Качество портфеля,-1,-1,-1,-1,-1,-1,False,модель
2025_q3,3 кв. 2025 (9 мес.),Баланс,corporate_loans,Корпоративный портфель,1,1,1,1,1,1,False,код
2025_q3,3 кв. 2025 (9 мес.),Баланс,retail_loans,Розничный портфель,0,0,0,0,0,0,False,код
2025_q3,3 кв. 2025 (9 мес.),Баланс,customer_funds,Средства клиентов,1,1,1,1,1,1,False,код
2025_q3,3 кв. 2025 (9 мес.),Баланс,market_share,Доля рынка,1,1,1,1,1,1,False,модель
2025_q3,3 кв. 2025 (9 мес.),Капитал,capital_adequacy,Достаточность капитала (Н20.0),0,0,0,0,0,0,False,код
2025_q3,3 кв. 2025 (9 мес.),Капитал,dividends,Дивиденды,0,0,0,0,0,0,False,модель
2025_q3,3 кв. 2025 (9 мес.),Капитал,book_value_per_share,Балансовая стоимость акции,1,1,1,1,1,1,False,код
2025_q3,3 кв. 2025 (9 мес.),Клиенты,active_clients,Активные клиенты,0,0,0,0,0,0,False,код
2025_q3,3 кв. 2025 (9 мес.),Клиенты,digital_metrics,Цифровые метрики,0,0,0,0,0,0,False,код
2025_q3,3 кв. 2025 (9 мес.),Клиенты,tech_development,Технологическое развитие,1,1,1,1,1,1,False,модель
2025_q3,3 кв. 2025 (9 мес.),Среда,external_conditions,Внешние условия,-1,-1,-1,-1,-1,-1,False,модель
2025_q3,3 кв. 2025 (9 мес.),Среда,ceo_tone,Тональность руководителя,1,1,1,1,1,1,False,модель
2025_q4,4 кв. и 12 мес. 2025,Прибыльность,net_profit,Чистая прибыль,1,1,1,1,1,1,False,код
2025_q4,4 кв. и 12 мес. 2025,Прибыльность,eps,Прибыль на акцию (EPS),1,1,1,1,1,1,False,код
2025_q4,4 кв. и 12 мес. 2025,Прибыльность,roe,Рентабельность капитала (ROE),-1,-1,-1,-1,-1,-1,False,код
2025_q4,4 кв. и 12 мес. 2025,Прибыльность,guidance,Прогноз менеджмента,1,1,1,1,1,1,False,модель
2025_q4,4 кв. и 12 мес. 2025,Доходы,nii,Чистые процентные доходы,2,2,2,2,2,2,False,код
2025_q4,4 кв. и 12 мес. 2025,Доходы,fee_income,Чистые комиссионные доходы,-1,-1,-1,-1,-1,-1,False,код
2025_q4,4 кв. и 12 мес. 2025,Доходы,nim,Чистая процентная маржа (NIM),1,1,1,1,1,1,False,код
2025_q4,4 кв. и 12 мес. 2025,Эффективность,opex,Операционные расходы,-1,-1,-1,-1,-1,-1,False,код
2025_q4,4 кв. и 12 мес. 2025,Эффективность,cir,Отношение расходов к доходам (CIR),-2,-2,-2,-2,-2,-2,False,код
2025_q4,4 кв. и 12 мес. 2025,Риск,cor,Стоимость риска (CoR),1,1,1,1,1,1,False,код
2025_q4,4 кв. и 12 мес. 2025,Риск,provisions,Расходы на резервы,2,2,2,2,2,2,False,код
2025_q4,4 кв. и 12 мес. 2025,Риск,portfolio_quality,Качество портфеля,-1,-1,-1,-1,-1,-1,False,модель
2025_q4,4 кв. и 12 мес. 2025,Баланс,corporate_loans,Корпоративный портфель,2,1,1,2,2,2,True,код
2025_q4,4 кв. и 12 мес. 2025,Баланс,retail_loans,Розничный портфель,1,1,1,1,1,1,False,код
2025_q4,4 кв. и 12 мес. 2025,Баланс,customer_funds,Средства клиентов,1,2,2,2,2,2,True,код
2025_q4,4 кв. и 12 мес. 2025,Баланс,market_share,Доля рынка,1,1,1,1,1,1,False,модель
2025_q4,4 кв. и 12 мес. 2025,Капитал,capital_adequacy,Достаточность капитала (Н20.0),1,1,1,1,1,1,False,код
2025_q4,4 кв. и 12 мес. 2025,Капитал,dividends,Дивиденды,0,0,0,0,0,0,False,модель
2025_q4,4 кв. и 12 мес. 2025,Капитал,book_value_per_share,Балансовая стоимость акции,2,2,2,2,2,2,False,код
2025_q4,4 кв. и 12 мес. 2025,Клиенты,active_clients,Активные клиенты,0,0,0,0,0,0,False,код
2025_q4,4 кв. и 12 мес. 2025,Клиенты,digital_metrics,Цифровые метрики,0,0,0,0,0,0,False,код
2025_q4,4 кв. и 12 мес. 2025,Клиенты,tech_development,Технологическое развитие,1,1,1,1,1,1,False,модель
2025_q4,4 кв. и 12 мес. 2025,Среда,external_conditions,Внешние условия,-1,-1,-1,-1,-1,-1,False,модель
2025_q4,4 кв. и 12 мес. 2025,Среда,ceo_tone,Тональность руководителя,2,1,0,1,-1,1,True,модель
2026_q1,1 кв. 2026,Прибыльность,net_profit,Чистая прибыль,2,2,2,2,2,2,False,код
2026_q1,1 кв. 2026,Прибыльность,eps,Прибыль на акцию (EPS),2,2,2,2,2,2,False,код
2026_q1,1 кв. 2026,Прибыльность,roe,Рентабельность капитала (ROE),0,0,0,0,0,0,False,код
2026_q1,1 кв. 2026,Прибыльность,guidance,Прогноз менеджмента,0,0,0,0,0,0,False,модель
2026_q1,1 кв. 2026,Доходы,nii,Чистые процентные доходы,2,2,2,2,2,2,False,код
2026_q1,1 кв. 2026,Доходы,fee_income,Чистые комиссионные доходы,0,0,0,0,0,0,False,код
2026_q1,1 кв. 2026,Доходы,nim,Чистая процентная маржа (NIM),0,0,0,0,0,0,False,код
2026_q1,1 кв. 2026,Эффективность,opex,Операционные расходы,1,1,1,1,1,1,False,код
2026_q1,1 кв. 2026,Эффективность,cir,Отношение расходов к доходам (CIR),0,0,0,0,0,0,False,код
2026_q1,1 кв. 2026,Риск,cor,Стоимость риска (CoR),0,0,0,0,0,0,False,код
2026_q1,1 кв. 2026,Риск,provisions,Расходы на резервы,-2,-2,-2,-2,-2,-2,False,код
2026_q1,1 кв. 2026,Риск,portfolio_quality,Качество портфеля,0,1,1,1,1,1,True,модель
2026_q1,1 кв. 2026,Баланс,corporate_loans,Корпоративный портфель,0,0,0,0,0,0,False,код
2026_q1,1 кв. 2026,Баланс,retail_loans,Розничный портфель,0,0,0,0,0,0,False,код
2026_q1,1 кв. 2026,Баланс,customer_funds,Средства клиентов,0,0,0,0,0,0,False,код
2026_q1,1 кв. 2026,Баланс,market_share,Доля рынка,1,1,1,1,1,1,False,модель
2026_q1,1 кв. 2026,Капитал,capital_adequacy,Достаточность капитала (Н20.0),0,0,0,0,0,0,False,код
2026_q1,1 кв. 2026,Капитал,dividends,Дивиденды,0,0,0,0,0,0,False,модель
2026_q1,1 кв. 2026,Капитал,book_value_per_share,Балансовая стоимость акции,1,1,1,1,1,1,False,код
2026_q1,1 кв. 2026,Клиенты,active_clients,Активные клиенты,0,0,0,0,0,0,False,код
2026_q1,1 кв. 2026,Клиенты,digital_metrics,Цифровые метрики,0,0,0,0,0,0,False,код
2026_q1,1 кв. 2026,Клиенты,tech_development,Технологическое развитие,0,1,1,1,0,1,True,модель
2026_q1,1 кв. 2026,Среда,external_conditions,Внешние условия,-1,-1,-1,-1,-1,-1,False,модель
2026_q1,1 кв. 2026,Среда,ceo_tone,Тональность руководителя,1,1,1,1,1,1,False,модель
2026_q2,2 кв. 2026 (6 мес.),Прибыльность,net_profit,Чистая прибыль,2,2,2,2,2,2,False,код
2026_q2,2 кв. 2026 (6 мес.),Прибыльность,eps,Прибыль на акцию (EPS),2,2,2,2,2,2,False,код
2026_q2,2 кв. 2026 (6 мес.),Прибыльность,roe,Рентабельность капитала (ROE),1,1,1,1,1,1,False,код
2026_q2,2 кв. 2026 (6 мес.),Прибыльность,guidance,Прогноз менеджмента,0,0,0,0,0,0,False,модель
2026_q2,2 кв. 2026 (6 мес.),Доходы,nii,Чистые процентные доходы,2,2,2,2,2,2,False,код
2026_q2,2 кв. 2026 (6 мес.),Доходы,fee_income,Чистые комиссионные доходы,1,1,1,1,1,1,False,код
2026_q2,2 кв. 2026 (6 мес.),Доходы,nim,Чистая процентная маржа (NIM),1,1,1,1,1,1,False,код
2026_q2,2 кв. 2026 (6 мес.),Эффективность,opex,Операционные расходы,-1,-1,-1,-1,-1,-1,False,код
2026_q2,2 кв. 2026 (6 мес.),Эффективность,cir,Отношение расходов к доходам (CIR),1,1,1,1,1,1,False,код (фраза)
2026_q2,2 кв. 2026 (6 мес.),Риск,cor,Стоимость риска (CoR),2,2,2,2,2,2,False,код
2026_q2,2 кв. 2026 (6 мес.),Риск,provisions,Расходы на резервы,2,2,2,2,2,2,False,код
2026_q2,2 кв. 2026 (6 мес.),Риск,portfolio_quality,Качество портфеля,-1,-1,-1,-1,-1,-1,False,модель
2026_q2,2 кв. 2026 (6 мес.),Баланс,corporate_loans,Корпоративный портфель,0,0,0,0,0,0,False,код
2026_q2,2 кв. 2026 (6 мес.),Баланс,retail_loans,Розничный портфель,1,1,1,1,1,1,False,код
2026_q2,2 кв. 2026 (6 мес.),Баланс,customer_funds,Средства клиентов,0,0,0,0,0,0,False,код
2026_q2,2 кв. 2026 (6 мес.),Баланс,market_share,Доля рынка,1,1,1,1,1,1,False,модель
2026_q2,2 кв. 2026 (6 мес.),Капитал,capital_adequacy,Достаточность капитала (Н20.0),1,1,1,1,1,1,False,код
2026_q2,2 кв. 2026 (6 мес.),Капитал,dividends,Дивиденды,2,2,2,2,2,2,False,модель
2026_q2,2 кв. 2026 (6 мес.),Капитал,book_value_per_share,Балансовая стоимость акции,0,0,0,0,0,0,False,код
2026_q2,2 кв. 2026 (6 мес.),Клиенты,active_clients,Активные клиенты,0,0,0,0,0,0,False,код
2026_q2,2 кв. 2026 (6 мес.),Клиенты,digital_metrics,Цифровые метрики,1,0,0,1,0,0,True,код
2026_q2,2 кв. 2026 (6 мес.),Клиенты,tech_development,Технологическое развитие,1,1,1,1,1,1,False,модель
2026_q2,2 кв. 2026 (6 мес.),Среда,external_conditions,Внешние условия,1,1,1,1,1,1,False,модель
2026_q2,2 кв. 2026 (6 мес.),Среда,ceo_tone,Тональность руководителя,1,1,1,1,1,1,False,модель
vtb_2026_q1,"ВТБ, 1 кв. 2026",Прибыльность,net_profit,Чистая прибыль,-1,-1,-1,-1,-1,-1,False,код
vtb_2026_q1,"ВТБ, 1 кв. 2026",Прибыльность,eps,Прибыль на акцию (EPS),0,0,0,0,0,0,False,код
vtb_2026_q1,"ВТБ, 1 кв. 2026",Прибыльность,roe,Рентабельность капитала (ROE),-2,-2,-2,-2,-2,-2,False,код
vtb_2026_q1,"ВТБ, 1 кв. 2026",Прибыльность,guidance,Прогноз менеджмента,1,1,1,1,1,1,False,модель
vtb_2026_q1,"ВТБ, 1 кв. 2026",Доходы,nii,Чистые процентные доходы,2,2,2,2,2,2,False,код
vtb_2026_q1,"ВТБ, 1 кв. 2026",Доходы,fee_income,Чистые комиссионные доходы,1,1,1,1,1,1,False,код
vtb_2026_q1,"ВТБ, 1 кв. 2026",Доходы,nim,Чистая процентная маржа (NIM),2,2,2,2,2,2,False,код
vtb_2026_q1,"ВТБ, 1 кв. 2026",Эффективность,opex,Операционные расходы,-2,-2,-2,-2,-2,-2,False,код
vtb_2026_q1,"ВТБ, 1 кв. 2026",Эффективность,cir,Отношение расходов к доходам (CIR),-2,-2,-2,-2,-2,-2,False,код
vtb_2026_q1,"ВТБ, 1 кв. 2026",Риск,cor,Стоимость риска (CoR),0,0,0,0,0,0,False,код
vtb_2026_q1,"ВТБ, 1 кв. 2026",Риск,provisions,Расходы на резервы,0,0,0,0,0,0,False,код
vtb_2026_q1,"ВТБ, 1 кв. 2026",Риск,portfolio_quality,Качество портфеля,1,1,1,-1,0,1,True,модель
vtb_2026_q1,"ВТБ, 1 кв. 2026",Баланс,corporate_loans,Корпоративный портфель,1,1,1,1,1,1,False,код
vtb_2026_q1,"ВТБ, 1 кв. 2026",Баланс,retail_loans,Розничный портфель,0,0,0,0,0,0,False,код
vtb_2026_q1,"ВТБ, 1 кв. 2026",Баланс,customer_funds,Средства клиентов,0,0,0,0,0,0,False,код
vtb_2026_q1,"ВТБ, 1 кв. 2026",Баланс,market_share,Доля рынка,0,0,0,0,0,0,False,модель
vtb_2026_q1,"ВТБ, 1 кв. 2026",Капитал,capital_adequacy,Достаточность капитала (Н20.0),1,1,1,1,1,1,False,код
vtb_2026_q1,"ВТБ, 1 кв. 2026",Капитал,dividends,Дивиденды,0,0,0,0,0,0,False,модель
vtb_2026_q1,"ВТБ, 1 кв. 2026",Капитал,book_value_per_share,Балансовая стоимость акции,0,0,0,0,0,0,False,код
vtb_2026_q1,"ВТБ, 1 кв. 2026",Клиенты,active_clients,Активные клиенты,0,0,0,0,0,0,False,код
vtb_2026_q1,"ВТБ, 1 кв. 2026",Клиенты,digital_metrics,Цифровые метрики,0,0,0,0,0,0,False,код
vtb_2026_q1,"ВТБ, 1 кв. 2026",Клиенты,tech_development,Технологическое развитие,0,0,0,0,0,0,False,модель
vtb_2026_q1,"ВТБ, 1 кв. 2026",Среда,external_conditions,Внешние условия,0,-1,-1,-1,-1,-1,True,модель
vtb_2026_q1,"ВТБ, 1 кв. 2026",Среда,ceo_tone,Тональность руководителя,1,1,2,1,1,1,True,модель
tbank_2024_q4,"Т-Технологии, 4 кв. 2024",Прибыльность,net_profit,Чистая прибыль,2,2,2,2,2,2,False,код
tbank_2024_q4,"Т-Технологии, 4 кв. 2024",Прибыльность,eps,Прибыль на акцию (EPS),0,0,0,0,0,0,False,код
tbank_2024_q4,"Т-Технологии, 4 кв. 2024",Прибыльность,roe,Рентабельность капитала (ROE),0,0,0,0,0,0,False,код
tbank_2024_q4,"Т-Технологии, 4 кв. 2024",Прибыльность,guidance,Прогноз менеджмента,1,1,1,1,1,1,False,модель
tbank_2024_q4,"Т-Технологии, 4 кв. 2024",Доходы,nii,Чистые процентные доходы,2,2,2,2,2,2,False,код
tbank_2024_q4,"Т-Технологии, 4 кв. 2024",Доходы,fee_income,Чистые комиссионные доходы,2,2,2,2,2,2,False,код
tbank_2024_q4,"Т-Технологии, 4 кв. 2024",Доходы,nim,Чистая процентная маржа (NIM),-2,-2,-2,-2,-2,-2,False,код
tbank_2024_q4,"Т-Технологии, 4 кв. 2024",Эффективность,opex,Операционные расходы,0,2,0,2,0,0,True,код
tbank_2024_q4,"Т-Технологии, 4 кв. 2024",Эффективность,cir,Отношение расходов к доходам (CIR),0,0,0,0,0,0,False,код
tbank_2024_q4,"Т-Технологии, 4 кв. 2024",Риск,cor,Стоимость риска (CoR),-2,-2,-2,-2,-2,-2,False,код
tbank_2024_q4,"Т-Технологии, 4 кв. 2024",Риск,provisions,Расходы на резервы,0,0,0,0,0,0,False,код
tbank_2024_q4,"Т-Технологии, 4 кв. 2024",Риск,portfolio_quality,Качество портфеля,2,2,2,2,2,2,False,модель
tbank_2024_q4,"Т-Технологии, 4 кв. 2024",Баланс,corporate_loans,Корпоративный портфель,0,0,0,0,0,0,False,код
tbank_2024_q4,"Т-Технологии, 4 кв. 2024",Баланс,retail_loans,Розничный портфель,0,0,0,0,0,0,False,код
tbank_2024_q4,"Т-Технологии, 4 кв. 2024",Баланс,customer_funds,Средства клиентов,2,2,2,2,2,2,False,код
tbank_2024_q4,"Т-Технологии, 4 кв. 2024",Баланс,market_share,Доля рынка,0,0,0,0,0,0,False,модель
tbank_2024_q4,"Т-Технологии, 4 кв. 2024",Капитал,capital_adequacy,Достаточность капитала (Н20.0),-2,-2,-2,-2,-2,-2,False,код
tbank_2024_q4,"Т-Технологии, 4 кв. 2024",Капитал,dividends,Дивиденды,1,1,1,1,1,1,False,модель
tbank_2024_q4,"Т-Технологии, 4 кв. 2024",Капитал,book_value_per_share,Балансовая стоимость акции,0,0,0,0,0,0,False,код
tbank_2024_q4,"Т-Технологии, 4 кв. 2024",Клиенты,active_clients,Активные клиенты,2,2,2,2,2,2,False,код
tbank_2024_q4,"Т-Технологии, 4 кв. 2024",Клиенты,digital_metrics,Цифровые метрики,1,1,1,1,1,1,False,код
tbank_2024_q4,"Т-Технологии, 4 кв. 2024",Клиенты,tech_development,Технологическое развитие,1,1,1,1,1,1,False,модель
tbank_2024_q4,"Т-Технологии, 4 кв. 2024",Среда,external_conditions,Внешние условия,0,-1,-1,0,0,0,True,модель
tbank_2024_q4,"Т-Технологии, 4 кв. 2024",Среда,ceo_tone,Тональность руководителя,2,2,2,2,2,2,False,модель
tbank_2026_q1,"Т-Технологии, 1 кв. 2026",Прибыльность,net_profit,Чистая прибыль,1,1,1,1,1,1,False,код
tbank_2026_q1,"Т-Технологии, 1 кв. 2026",Прибыльность,eps,Прибыль на акцию (EPS),2,0,0,2,0,0,True,код
tbank_2026_q1,"Т-Технологии, 1 кв. 2026",Прибыльность,roe,Рентабельность капитала (ROE),2,2,2,2,2,2,False,код
tbank_2026_q1,"Т-Технологии, 1 кв. 2026",Прибыльность,guidance,Прогноз менеджмента,1,1,1,1,1,1,False,модель
tbank_2026_q1,"Т-Технологии, 1 кв. 2026",Доходы,nii,Чистые процентные доходы,2,2,2,2,2,2,False,код
tbank_2026_q1,"Т-Технологии, 1 кв. 2026",Доходы,fee_income,Чистые комиссионные доходы,2,2,2,2,2,2,False,код
tbank_2026_q1,"Т-Технологии, 1 кв. 2026",Доходы,nim,Чистая процентная маржа (NIM),1,1,1,1,1,1,False,код
tbank_2026_q1,"Т-Технологии, 1 кв. 2026",Эффективность,opex,Операционные расходы,1,0,0,0,0,0,True,код
tbank_2026_q1,"Т-Технологии, 1 кв. 2026",Эффективность,cir,Отношение расходов к доходам (CIR),1,1,1,1,1,1,False,код
tbank_2026_q1,"Т-Технологии, 1 кв. 2026",Риск,cor,Стоимость риска (CoR),0,-1,-1,-1,0,-1,True,код
tbank_2026_q1,"Т-Технологии, 1 кв. 2026",Риск,provisions,Расходы на резервы,0,0,0,0,0,0,False,код
tbank_2026_q1,"Т-Технологии, 1 кв. 2026",Риск,portfolio_quality,Качество портфеля,-1,-1,-1,-1,-1,-1,False,модель
tbank_2026_q1,"Т-Технологии, 1 кв. 2026",Баланс,corporate_loans,Корпоративный портфель,0,0,0,0,0,0,False,код
tbank_2026_q1,"Т-Технологии, 1 кв. 2026",Баланс,retail_loans,Розничный портфель,0,0,0,0,0,0,False,код
tbank_2026_q1,"Т-Технологии, 1 кв. 2026",Баланс,customer_funds,Средства клиентов,1,1,1,1,1,1,False,код
tbank_2026_q1,"Т-Технологии, 1 кв. 2026",Баланс,market_share,Доля рынка,0,0,0,0,0,0,False,модель
tbank_2026_q1,"Т-Технологии, 1 кв. 2026",Капитал,capital_adequacy,Достаточность капитала (Н20.0),1,1,1,1,1,1,False,код
tbank_2026_q1,"Т-Технологии, 1 кв. 2026",Капитал,dividends,Дивиденды,1,1,1,1,2,1,True,модель
tbank_2026_q1,"Т-Технологии, 1 кв. 2026",Капитал,book_value_per_share,Балансовая стоимость акции,0,0,0,0,0,0,False,код
tbank_2026_q1,"Т-Технологии, 1 кв. 2026",Клиенты,active_clients,Активные клиенты,1,1,1,1,1,1,False,код
tbank_2026_q1,"Т-Технологии, 1 кв. 2026",Клиенты,digital_metrics,Цифровые метрики,1,1,1,1,1,1,False,код
tbank_2026_q1,"Т-Технологии, 1 кв. 2026",Клиенты,tech_development,Технологическое развитие,1,1,1,1,1,1,False,модель
tbank_2026_q1,"Т-Технологии, 1 кв. 2026",Среда,external_conditions,Внешние условия,0,0,0,0,0,0,False,модель
tbank_2026_q1,"Т-Технологии, 1 кв. 2026",Среда,ceo_tone,Тональность руководителя,1,1,1,1,1,1,False,модель
tbank_2026_q2,"Т-Технологии, 2 кв. 2026",Прибыльность,net_profit,Чистая прибыль,-1,-1,-1,-1,-1,-1,False,код
tbank_2026_q2,"Т-Технологии, 2 кв. 2026",Прибыльность,eps,Прибыль на акцию (EPS),0,0,1,1,0,0,True,код
tbank_2026_q2,"Т-Технологии, 2 кв. 2026",Прибыльность,roe,Рентабельность капитала (ROE),-1,-1,-1,1,-1,-1,True,код
tbank_2026_q2,"Т-Технологии, 2 кв. 2026",Прибыльность,guidance,Прогноз менеджмента,1,1,1,1,1,1,False,модель
tbank_2026_q2,"Т-Технологии, 2 кв. 2026",Доходы,nii,Чистые процентные доходы,2,2,2,2,2,2,False,код
tbank_2026_q2,"Т-Технологии, 2 кв. 2026",Доходы,fee_income,Чистые комиссионные доходы,1,1,1,1,1,1,False,код
tbank_2026_q2,"Т-Технологии, 2 кв. 2026",Доходы,nim,Чистая процентная маржа (NIM),1,1,1,1,1,1,False,код
tbank_2026_q2,"Т-Технологии, 2 кв. 2026",Эффективность,opex,Операционные расходы,1,0,1,0,0,0,True,код
tbank_2026_q2,"Т-Технологии, 2 кв. 2026",Эффективность,cir,Отношение расходов к доходам (CIR),-1,-1,-1,0,-1,-1,True,код
tbank_2026_q2,"Т-Технологии, 2 кв. 2026",Риск,cor,Стоимость риска (CoR),2,2,2,2,2,2,False,код
tbank_2026_q2,"Т-Технологии, 2 кв. 2026",Риск,provisions,Расходы на резервы,0,0,0,0,0,0,False,код
tbank_2026_q2,"Т-Технологии, 2 кв. 2026",Риск,portfolio_quality,Качество портфеля,-1,-1,-1,-1,-1,-1,False,модель
tbank_2026_q2,"Т-Технологии, 2 кв. 2026",Баланс,corporate_loans,Корпоративный портфель,0,0,0,0,0,0,False,код
tbank_2026_q2,"Т-Технологии, 2 кв. 2026",Баланс,retail_loans,Розничный портфель,0,0,0,0,0,0,False,код
tbank_2026_q2,"Т-Технологии, 2 кв. 2026",Баланс,customer_funds,Средства клиентов,1,1,1,1,1,1,False,код
tbank_2026_q2,"Т-Технологии, 2 кв. 2026",Баланс,market_share,Доля рынка,1,1,1,1,1,1,False,модель
tbank_2026_q2,"Т-Технологии, 2 кв. 2026",Капитал,capital_adequacy,Достаточность капитала (Н20.0),-1,-1,-1,-1,-1,-1,False,код
tbank_2026_q2,"Т-Технологии, 2 кв. 2026",Капитал,dividends,Дивиденды,1,1,1,1,1,1,False,модель
tbank_2026_q2,"Т-Технологии, 2 кв. 2026",Капитал,book_value_per_share,Балансовая стоимость акции,0,0,0,0,0,0,False,код
tbank_2026_q2,"Т-Технологии, 2 кв. 2026",Клиенты,active_clients,Активные клиенты,0,0,0,0,0,0,False,код
tbank_2026_q2,"Т-Технологии, 2 кв. 2026",Клиенты,digital_metrics,Цифровые метрики,0,0,0,0,0,0,False,код
tbank_2026_q2,"Т-Технологии, 2 кв. 2026",Клиенты,tech_development,Технологическое развитие,0,0,0,0,0,0,False,модель
tbank_2026_q2,"Т-Технологии, 2 кв. 2026",Среда,external_conditions,Внешние условия,0,0,1,0,0,0,True,модель
tbank_2026_q2,"Т-Технологии, 2 кв. 2026",Среда,ceo_tone,Тональность руководителя,1,1,1,1,1,1,False,модель
