report,indicator,votes,n,score,fragile,agree
2022_q4,active_clients,0 0 0 0 0,5,0,False,1.0
2022_q4,book_value_per_share,1 1 1 1 1,5,1,False,1.0
2022_q4,capital_adequacy,1 1 1 1 1,5,1,False,1.0
2022_q4,ceo_tone,-2 -2 -2 -2 -2,5,-2,False,1.0
2022_q4,cir,-2 -2 -2 -2 -2,5,-2,False,1.0
2022_q4,cor,-2 -2 -2 -2 -2,5,-2,False,1.0
2022_q4,corporate_loans,1 1 1 1 1,5,1,False,1.0
2022_q4,customer_funds,1 1 1 1 1,5,1,False,1.0
2022_q4,digital_metrics,1 1 1 1 1,5,1,False,1.0
2022_q4,dividends,1 1 1 1 1,5,1,False,1.0
2022_q4,eps,-2 -2 -2 -2 -2,5,-2,False,1.0
2022_q4,external_conditions,-2 -2 -2 -2 -2,5,-2,False,1.0
2022_q4,fee_income,2 2 2 2 2,5,2,False,1.0
2022_q4,guidance,0 0 0 0 0,5,0,False,1.0
2022_q4,market_share,1 1 1 1 1,5,1,False,1.0
2022_q4,net_profit,-2 -2 -2 -2 -2,5,-2,False,1.0
2022_q4,nii,1 1 1 1 1,5,1,False,1.0
2022_q4,nim,0 0 0 0 0,5,0,False,1.0
2022_q4,opex,0 0 0 0 0,5,0,False,1.0
2022_q4,portfolio_quality,1 0 1 1 1,5,1,True,0.8
2022_q4,provisions,-2 -2 -2 -2 -2,5,-2,False,1.0
2022_q4,retail_loans,1 1 1 1 1,5,1,False,1.0
2022_q4,roe,-2 -2 -2 -2 -2,5,-2,False,1.0
2022_q4,tech_development,1 1 1 1 1,5,1,False,1.0
2023_q1,active_clients,0 0 0 0 0,5,0,False,1.0
2023_q1,book_value_per_share,1 1 1 1 1,5,1,False,1.0
2023_q1,capital_adequacy,1 1 1 1 1,5,1,False,1.0
2023_q1,ceo_tone,2 2 2 2 2,5,2,False,1.0
2023_q1,cir,0 0 0 0 0,5,0,False,1.0
2023_q1,cor,0 0 0 0 0,5,0,False,1.0
2023_q1,corporate_loans,1 1 1 1 1,5,1,False,1.0
2023_q1,customer_funds,0 0 0 0 0,5,0,False,1.0
2023_q1,digital_metrics,0 0 0 0 0,5,0,False,1.0
2023_q1,dividends,0 0 0 0 0,5,0,False,1.0
2023_q1,eps,0 0 0 0 0,5,0,False,1.0
2023_q1,external_conditions,0 0 0 0 0,5,0,False,1.0
2023_q1,fee_income,-1 -1 -1 -1 -1,5,-1,False,1.0
2023_q1,guidance,1 1 1 1 1,5,1,False,1.0
2023_q1,market_share,1 1 1 1 1,5,1,False,1.0
2023_q1,net_profit,0 0 0 0 0,5,0,False,1.0
2023_q1,nii,1 1 0 1 1,5,1,True,0.8
2023_q1,nim,1 1 0 1 1,5,1,True,0.8
2023_q1,opex,0 0 0 0 0,5,0,False,1.0
2023_q1,portfolio_quality,0 0 0 0 0,5,0,False,1.0
2023_q1,provisions,0 0 0 0 0,5,0,False,1.0
2023_q1,retail_loans,1 1 1 1 1,5,1,False,1.0
2023_q1,roe,0 0 0 0 0,5,0,False,1.0
2023_q1,tech_development,1 1 1 1 1,5,1,False,1.0
2023_q2,active_clients,0 0 0 0 0,5,0,False,1.0
2023_q2,book_value_per_share,0 0 0 0 0,5,0,False,1.0
2023_q2,capital_adequacy,-1 -1 -1 -1 -1,5,-1,False,1.0
2023_q2,ceo_tone,2 2 2 2 2,5,2,False,1.0
2023_q2,cir,0 0 0 0 0,5,0,False,1.0
2023_q2,cor,0 0 0 0 0,5,0,False,1.0
2023_q2,corporate_loans,1 1 1 1 1,5,1,False,1.0
2023_q2,customer_funds,1 1 1 1 1,5,1,False,1.0
2023_q2,digital_metrics,0 0 0 0 0,5,0,False,1.0
2023_q2,dividends,2 2 2 2 2,5,2,False,1.0
2023_q2,eps,0 0 0 0 0,5,0,False,1.0
2023_q2,external_conditions,1 1 1 1 1,5,1,False,1.0
2023_q2,fee_income,0 0 0 0 0,5,0,False,1.0
2023_q2,guidance,1 1 1 1 1,5,1,False,1.0
2023_q2,market_share,1 1 1 1 1,5,1,False,1.0
2023_q2,net_profit,0 0 0 1 0,5,0,True,0.8
2023_q2,nii,0 0 0 1 0,5,0,True,0.8
2023_q2,nim,0 0 0 0 0,5,0,False,1.0
2023_q2,opex,0 0 0 0 0,5,0,False,1.0
2023_q2,portfolio_quality,0 0 0 0 0,5,0,False,1.0
2023_q2,provisions,0 0 0 0 0,5,0,False,1.0
2023_q2,retail_loans,1 1 1 1 1,5,1,False,1.0
2023_q2,roe,0 0 0 0 0,5,0,False,1.0
2023_q2,tech_development,1 1 1 1 1,5,1,False,1.0
2023_q3,active_clients,0 0 0 0 0,5,0,False,1.0
2023_q3,book_value_per_share,1 1 1 1 1,5,1,False,1.0
2023_q3,capital_adequacy,-1 -1 -1 -1 -1,5,-1,False,1.0
2023_q3,ceo_tone,2 2 2 2 2,5,2,False,1.0
2023_q3,cir,0 0 0 0 0,5,0,False,1.0
2023_q3,cor,0 0 0 0 0,5,0,False,1.0
2023_q3,corporate_loans,2 2 2 2 2,5,2,False,1.0
2023_q3,customer_funds,2 2 2 2 2,5,2,False,1.0
2023_q3,digital_metrics,1 1 1 1 1,5,1,False,1.0
2023_q3,dividends,0 0 0 0 0,5,0,False,1.0
2023_q3,eps,0 0 0 0 0,5,0,False,1.0
2023_q3,external_conditions,-1 -1 -1 -1 -1,5,-1,False,1.0
2023_q3,fee_income,0 0 0 0 0,5,0,False,1.0
2023_q3,guidance,1 1 1 1 1,5,1,False,1.0
2023_q3,market_share,1 1 1 1 1,5,1,False,1.0
2023_q3,net_profit,0 0 0 0 0,5,0,False,1.0
2023_q3,nii,0 0 0 0 0,5,0,False,1.0
2023_q3,nim,0 0 0 0 0,5,0,False,1.0
2023_q3,opex,0 0 0 0 0,5,0,False,1.0
2023_q3,portfolio_quality,0 0 0 0 0,5,0,False,1.0
2023_q3,provisions,0 0 0 0 0,5,0,False,1.0
2023_q3,retail_loans,2 2 2 2 2,5,2,False,1.0
2023_q3,roe,0 0 0 0 0,5,0,False,1.0
2023_q3,tech_development,1 1 1 1 1,5,1,False,1.0
2023_q4,active_clients,0 0 0 0 0,5,0,False,1.0
2023_q4,book_value_per_share,1 1 1 1 1,5,1,False,1.0
2023_q4,capital_adequacy,-1 0 -1 -1 -1,5,-1,True,0.8
2023_q4,ceo_tone,2 2 2 2 2,5,2,False,1.0
2023_q4,cir,2 2 2 2 2,5,2,False,1.0
2023_q4,cor,2 2 2 2 2,5,2,False,1.0
2023_q4,corporate_loans,2 2 2 2 2,5,2,False,1.0
2023_q4,customer_funds,2 2 2 2 2,5,2,False,1.0
2023_q4,digital_metrics,1 1 1 1 1,5,1,False,1.0
2023_q4,dividends,0 0 0 0 0,5,0,False,1.0
2023_q4,eps,2 2 2 2 2,5,2,False,1.0
2023_q4,external_conditions,0 0 -1 -1 -1,5,-1,True,0.6
2023_q4,fee_income,1 1 1 1 1,5,1,False,1.0
2023_q4,guidance,0 0 0 0 0,5,0,False,1.0
2023_q4,market_share,1 1 1 1 1,5,1,False,1.0
2023_q4,net_profit,2 2 2 2 2,5,2,False,1.0
2023_q4,nii,2 2 2 2 2,5,2,False,1.0
2023_q4,nim,1 1 1 1 1,5,1,False,1.0
2023_q4,opex,2 2 2 2 2,5,2,False,1.0
2023_q4,portfolio_quality,1 1 1 1 1,5,1,False,1.0
2023_q4,provisions,2 2 2 2 2,5,2,False,1.0
2023_q4,retail_loans,2 2 2 2 2,5,2,False,1.0
2023_q4,roe,2 2 2 2 2,5,2,False,1.0
2023_q4,tech_development,1 1 1 1 1,5,1,False,1.0
2024_q1,active_clients,0 0 0 0 0,5,0,False,1.0
2024_q1,book_value_per_share,1 1 1 1 1,5,1,False,1.0
2024_q1,capital_adequacy,0 0 0 0 0,5,0,False,1.0
2024_q1,ceo_tone,1 0 1 0 0,5,0,True,0.6
2024_q1,cir,-2 -2 -2 -2 -2,5,-2,False,1.0
2024_q1,cor,2 2 2 2 2,5,2,False,1.0
2024_q1,corporate_loans,0 0 0 0 0,5,0,False,1.0
2024_q1,customer_funds,1 1 1 1 1,5,1,False,1.0
2024_q1,digital_metrics,0 0 0 0 0,5,0,False,1.0
2024_q1,dividends,0 0 0 0 0,5,0,False,1.0
2024_q1,eps,1 1 1 1 1,5,1,False,1.0
2024_q1,external_conditions,-1 -1 -1 -1 -1,5,-1,False,1.0
2024_q1,fee_income,1 1 1 1 1,5,1,False,1.0
2024_q1,guidance,0 0 0 0 0,5,0,False,1.0
2024_q1,market_share,1 1 1 1 1,5,1,False,1.0
2024_q1,net_profit,1 1 1 1 1,5,1,False,1.0
2024_q1,nii,2 2 2 2 2,5,2,False,1.0
2024_q1,nim,0 0 0 0 0,5,0,False,1.0
2024_q1,opex,-2 -2 -2 -2 -2,5,-2,False,1.0
2024_q1,portfolio_quality,0 0 0 0 0,5,0,False,1.0
2024_q1,provisions,2 2 2 2 2,5,2,False,1.0
2024_q1,retail_loans,0 0 0 0 0,5,0,False,1.0
2024_q1,roe,-1 -1 -1 -1 -1,5,-1,False,1.0
2024_q1,tech_development,1 1 1 1 1,5,1,False,1.0
2024_q2,active_clients,0 0 0 0 0,5,0,False,1.0
2024_q2,book_value_per_share,0 0 0 0 0,5,0,False,1.0
2024_q2,capital_adequacy,1 1 1 1 1,5,1,False,1.0
2024_q2,ceo_tone,2 2 2 2 2,5,2,False,1.0
2024_q2,cir,-2 -2 -2 -2 -2,5,-2,False,1.0
2024_q2,cor,1 1 1 1 1,5,1,False,1.0
2024_q2,corporate_loans,1 1 1 1 1,5,1,False,1.0
2024_q2,customer_funds,1 1 1 1 1,5,1,False,1.0
2024_q2,digital_metrics,0 0 0 0 0,5,0,False,1.0
2024_q2,dividends,2 2 2 2 2,5,2,False,1.0
2024_q2,eps,1 1 1 1 1,5,1,False,1.0
2024_q2,external_conditions,-1 -1 1 0 0,5,0,True,0.4
2024_q2,fee_income,1 1 1 1 1,5,1,False,1.0
2024_q2,guidance,1 1 2 1 1,5,1,True,0.8
2024_q2,market_share,1 1 1 1 1,5,1,False,1.0
2024_q2,net_profit,1 1 1 1 1,5,1,False,1.0
2024_q2,nii,2 2 2 2 2,5,2,False,1.0
2024_q2,nim,0 0 0 0 0,5,0,False,1.0
2024_q2,opex,-2 -2 -2 -2 -2,5,-2,False,1.0
2024_q2,portfolio_quality,1 1 0 0 0,5,0,True,0.6
2024_q2,provisions,1 1 1 1 1,5,1,False,1.0
2024_q2,retail_loans,1 1 1 1 1,5,1,False,1.0
2024_q2,roe,0 0 0 0 0,5,0,False,1.0
2024_q2,tech_development,1 1 1 1 1,5,1,False,1.0
2024_q3,active_clients,0 0 0 0 0,5,0,False,1.0
2024_q3,book_value_per_share,0 0 0 0 0,5,0,False,1.0
2024_q3,capital_adequacy,-1 -1 -1 -1 -1,5,-1,False,1.0
2024_q3,ceo_tone,0 0 0 0 0,5,0,False,1.0
2024_q3,cir,1 1 1 1 1,5,1,False,1.0
2024_q3,cor,-2 -2 0 -2 -2,5,-2,True,0.8
2024_q3,corporate_loans,1 1 1 1 1,5,1,False,1.0
2024_q3,customer_funds,2 2 2 2 2,5,2,False,1.0
2024_q3,digital_metrics,0 0 0 0 0,5,0,False,1.0
2024_q3,dividends,1 1 1 1 1,5,1,False,1.0
2024_q3,eps,0 0 0 0 0,5,0,False,1.0
2024_q3,external_conditions,-1 -1 -1 -1 -1,5,-1,False,1.0
2024_q3,fee_income,1 1 1 1 1,5,1,False,1.0
2024_q3,guidance,0 0 0 0 0,5,0,False,1.0
2024_q3,market_share,1 1 1 1 1,5,1,False,1.0
2024_q3,net_profit,0 0 0 0 0,5,0,False,1.0
2024_q3,nii,1 1 1 1 1,5,1,False,1.0
2024_q3,nim,0 0 0 0 0,5,0,False,1.0
2024_q3,opex,1 1 1 1 1,5,1,False,1.0
2024_q3,portfolio_quality,0 0 0 0 0,5,0,False,1.0
2024_q3,provisions,-2 -2 -2 -2 -2,5,-2,False,1.0
2024_q3,retail_loans,1 1 1 1 1,5,1,False,1.0
2024_q3,roe,-2 -2 -2 -2 -2,5,-2,False,1.0
2024_q3,tech_development,1 1 1 1 1,5,1,False,1.0
2024_q4,active_clients,0 0 0 0 0,5,0,False,1.0
2024_q4,book_value_per_share,1 1 1 1 1,5,1,False,1.0
2024_q4,capital_adequacy,-1 -1 -1 -1 -1,5,-1,False,1.0
2024_q4,ceo_tone,0 0 0 0 0,5,0,False,1.0
2024_q4,cir,1 1 1 1 1,5,1,False,1.0
2024_q4,cor,-2 -2 -2 -2 -2,5,-2,False,1.0
2024_q4,corporate_loans,2 2 2 2 2,5,2,False,1.0
2024_q4,customer_funds,2 2 2 2 2,5,2,False,1.0
2024_q4,digital_metrics,0 0 0 0 0,5,0,False,1.0
2024_q4,dividends,0 0 0 0 0,5,0,False,1.0
2024_q4,eps,0 0 0 0 0,5,0,False,1.0
2024_q4,external_conditions,-1 -1 -1 -1 -1,5,-1,False,1.0
2024_q4,fee_income,1 1 1 1 1,5,1,False,1.0
2024_q4,guidance,1 1 1 1 1,5,1,False,1.0
2024_q4,market_share,1 1 1 0 1,5,1,True,0.8
2024_q4,net_profit,0 0 0 0 0,5,0,False,1.0
2024_q4,nii,1 1 1 1 1,5,1,False,1.0
2024_q4,nim,-1 -1 -1 -1 -1,5,-1,False,1.0
2024_q4,opex,1 1 1 1 1,5,1,False,1.0
2024_q4,portfolio_quality,-1 1 -1 -1 -1,5,-1,True,0.8
2024_q4,provisions,-1 -2 -2 -2 -2,5,-2,True,0.8
2024_q4,retail_loans,1 1 1 1 1,5,1,False,1.0
2024_q4,roe,-2 -2 -2 -2 -2,5,-2,False,1.0
2024_q4,tech_development,1 1 1 1 1,5,1,False,1.0
2025_q1,active_clients,0 0 0 0 0,5,0,False,1.0
2025_q1,book_value_per_share,1 1 1 1 1,5,1,False,1.0
2025_q1,capital_adequacy,1 1 1 1 1,5,1,False,1.0
2025_q1,ceo_tone,0 0 0 0 0,5,0,False,1.0
2025_q1,cir,1 1 1 1 1,5,1,False,1.0
2025_q1,cor,-2 -2 -2 -2 -2,5,-2,False,1.0
2025_q1,corporate_loans,0 0 0 0 0,5,0,False,1.0
2025_q1,customer_funds,0 0 0 0 0,5,0,False,1.0
2025_q1,digital_metrics,0 0 0 0 0,5,0,False,1.0
2025_q1,dividends,0 0 0 0 0,5,0,False,1.0
2025_q1,eps,1 1 1 1 1,5,1,False,1.0
2025_q1,external_conditions,-1 -1 -1 -1 -1,5,-1,False,1.0
2025_q1,fee_income,1 1 1 1 1,5,1,False,1.0
2025_q1,guidance,0 0 0 0 0,5,0,False,1.0
2025_q1,market_share,1 1 1 1 1,5,1,False,1.0
2025_q1,net_profit,1 1 1 1 1,5,1,False,1.0
2025_q1,nii,2 2 2 2 2,5,2,False,1.0
2025_q1,nim,0 0 0 0 0,5,0,False,1.0
2025_q1,opex,1 1 1 1 1,5,1,False,1.0
2025_q1,portfolio_quality,-1 -1 -1 -1 -1,5,-1,False,1.0
2025_q1,provisions,-2 -2 -2 -2 -2,5,-2,False,1.0
2025_q1,retail_loans,0 0 0 0 0,5,0,False,1.0
2025_q1,roe,0 0 0 0 0,5,0,False,1.0
2025_q1,tech_development,1 1 1 1 1,5,1,False,1.0
2025_q2,active_clients,0 0 0 0 0,5,0,False,1.0
2025_q2,book_value_per_share,1 1 1 1 1,5,1,False,1.0
2025_q2,capital_adequacy,1 1 1 1 1,5,1,False,1.0
2025_q2,ceo_tone,2 2 2 2 2,5,2,False,1.0
2025_q2,cir,1 1 1 1 1,5,1,False,1.0
2025_q2,cor,-2 -2 -2 -2 -2,5,-2,False,1.0
2025_q2,corporate_loans,0 1 0 1 1,5,1,True,0.6
2025_q2,customer_funds,1 1 1 1 1,5,1,False,1.0
2025_q2,digital_metrics,0 0 0 0 0,5,0,False,1.0
2025_q2,dividends,2 2 2 2 2,5,2,False,1.0
2025_q2,eps,0 0 0 0 0,5,0,False,1.0
2025_q2,external_conditions,-1 -1 -1 -1 -2,5,-1,True,0.8
2025_q2,fee_income,-1 -1 -1 -1 -1,5,-1,False,1.0
2025_q2,guidance,0 0 0 0 0,5,0,False,1.0
2025_q2,market_share,1 1 0 1 1,5,1,True,0.8
2025_q2,net_profit,0 0 0 0 0,5,0,False,1.0
2025_q2,nii,2 2 2 2 2,5,2,False,1.0
2025_q2,nim,1 1 1 1 1,5,1,False,1.0
2025_q2,opex,1 1 1 1 1,5,1,False,1.0
2025_q2,portfolio_quality,-1 -1 -1 -1 -1,5,-1,False,1.0
2025_q2,provisions,-2 -2 -2 -2 -2,5,-2,False,1.0
2025_q2,retail_loans,0 0 0 0 0,5,0,False,1.0
2025_q2,roe,-2 -2 -2 -2 -2,5,-2,False,1.0
2025_q2,tech_development,1 1 1 1 1,5,1,False,1.0
2025_q3,active_clients,0 0 0 0 0,5,0,False,1.0
2025_q3,book_value_per_share,1 1 1 1 1,5,1,False,1.0
2025_q3,capital_adequacy,0 0 0 0 0,5,0,False,1.0
2025_q3,ceo_tone,1 1 1 1 1,5,1,False,1.0
2025_q3,cir,0 0 0 0 0,5,0,False,1.0
2025_q3,cor,-1 -1 -1 -1 -1,5,-1,False,1.0
2025_q3,corporate_loans,1 1 1 1 1,5,1,False,1.0
2025_q3,customer_funds,1 1 1 1 1,5,1,False,1.0
2025_q3,digital_metrics,0 0 0 0 0,5,0,False,1.0
2025_q3,dividends,0 0 0 0 0,5,0,False,1.0
2025_q3,eps,1 1 1 1 1,5,1,False,1.0
2025_q3,external_conditions,-1 -1 -1 -1 -1,5,-1,False,1.0
2025_q3,fee_income,0 0 0 0 0,5,0,False,1.0
2025_q3,guidance,0 0 0 0 0,5,0,False,1.0
2025_q3,market_share,1 1 1 1 1,5,1,False,1.0
2025_q3,net_profit,1 1 1 1 1,5,1,False,1.0
2025_q3,nii,2 2 2 2 2,5,2,False,1.0
2025_q3,nim,1 1 1 1 1,5,1,False,1.0
2025_q3,opex,0 0 0 0 0,5,0,False,1.0
2025_q3,portfolio_quality,-1 -1 -1 -1 -1,5,-1,False,1.0
2025_q3,provisions,-2 -2 -2 -2 -2,5,-2,False,1.0
2025_q3,retail_loans,0 0 0 0 0,5,0,False,1.0
2025_q3,roe,-2 -2 -2 -2 -2,5,-2,False,1.0
2025_q3,tech_development,1 1 1 1 1,5,1,False,1.0
2025_q4,active_clients,0 0 0 0 0,5,0,False,1.0
2025_q4,book_value_per_share,2 2 2 2 2,5,2,False,1.0
2025_q4,capital_adequacy,1 1 1 1 1,5,1,False,1.0
2025_q4,ceo_tone,1 0 0 0 0,5,0,True,0.8
2025_q4,cir,-2 -2 -2 -2 -2,5,-2,False,1.0
2025_q4,cor,1 1 1 1 1,5,1,False,1.0
2025_q4,corporate_loans,2 1 2 2 2,5,2,True,0.8
2025_q4,customer_funds,1 1 1 1 1,5,1,False,1.0
2025_q4,digital_metrics,0 0 0 0 0,5,0,False,1.0
2025_q4,dividends,0 0 0 0 0,5,0,False,1.0
2025_q4,eps,1 1 1 1 1,5,1,False,1.0
2025_q4,external_conditions,-1 -1 -1 -1 -1,5,-1,False,1.0
2025_q4,fee_income,-1 -1 -1 -1 -1,5,-1,False,1.0
2025_q4,guidance,1 1 1 1 1,5,1,False,1.0
2025_q4,market_share,1 1 1 1 1,5,1,False,1.0
2025_q4,net_profit,1 1 1 1 1,5,1,False,1.0
2025_q4,nii,2 2 2 2 2,5,2,False,1.0
2025_q4,nim,1 1 1 1 1,5,1,False,1.0
2025_q4,opex,-1 -1 -1 -1 -1,5,-1,False,1.0
2025_q4,portfolio_quality,0 0 0 0 0,5,0,False,1.0
2025_q4,provisions,2 2 2 2 2,5,2,False,1.0
2025_q4,retail_loans,1 1 1 1 1,5,1,False,1.0
2025_q4,roe,-1 -1 -1 -1 -1,5,-1,False,1.0
2025_q4,tech_development,1 1 1 1 1,5,1,False,1.0
2026_q1,active_clients,0 0 0 0 0,5,0,False,1.0
2026_q1,book_value_per_share,1 1 1 1 1,5,1,False,1.0
2026_q1,capital_adequacy,0 0 0 0 0,5,0,False,1.0
2026_q1,ceo_tone,1 1 1 1 1,5,1,False,1.0
2026_q1,cir,0 0 0 0 0,5,0,False,1.0
2026_q1,cor,0 0 0 0 0,5,0,False,1.0
2026_q1,corporate_loans,0 0 0 0 0,5,0,False,1.0
2026_q1,customer_funds,0 0 0 0 0,5,0,False,1.0
2026_q1,digital_metrics,0 0 0 0 0,5,0,False,1.0
2026_q1,dividends,0 0 0 0 0,5,0,False,1.0
2026_q1,eps,2 2 2 2 2,5,2,False,1.0
2026_q1,external_conditions,-1 -1 -1 -1 -1,5,-1,False,1.0
2026_q1,fee_income,0 0 0 0 0,5,0,False,1.0
2026_q1,guidance,0 0 0 0 0,5,0,False,1.0
2026_q1,market_share,1 1 1 1 1,5,1,False,1.0
2026_q1,net_profit,2 2 2 2 2,5,2,False,1.0
2026_q1,nii,2 2 2 2 2,5,2,False,1.0
2026_q1,nim,0 0 0 0 0,5,0,False,1.0
2026_q1,opex,1 1 1 1 1,5,1,False,1.0
2026_q1,portfolio_quality,0 0 0 0 0,5,0,False,1.0
2026_q1,provisions,-2 -2 -2 -2 -2,5,-2,False,1.0
2026_q1,retail_loans,0 0 0 0 0,5,0,False,1.0
2026_q1,roe,0 0 0 0 0,5,0,False,1.0
2026_q1,tech_development,1 1 1 1 0,5,1,True,0.8
2026_q2,active_clients,0 0 0 0 0,5,0,False,1.0
2026_q2,book_value_per_share,0 0 0 0 0,5,0,False,1.0
2026_q2,capital_adequacy,1 1 1 1 1,5,1,False,1.0
2026_q2,ceo_tone,2 2 2 2 2,5,2,False,1.0
2026_q2,cir,1 1 1 1 1,5,1,False,1.0
2026_q2,cor,2 2 2 2 2,5,2,False,1.0
2026_q2,corporate_loans,0 0 1 0 0,5,0,True,0.8
2026_q2,customer_funds,0 0 0 0 0,5,0,False,1.0
2026_q2,digital_metrics,0 0 0 0 0,5,0,False,1.0
2026_q2,dividends,2 2 2 2 2,5,2,False,1.0
2026_q2,eps,2 2 2 2 2,5,2,False,1.0
2026_q2,external_conditions,1 1 1 1 1,5,1,False,1.0
2026_q2,fee_income,1 1 1 1 1,5,1,False,1.0
2026_q2,guidance,0 0 0 0 0,5,0,False,1.0
2026_q2,market_share,1 1 1 1 1,5,1,False,1.0
2026_q2,net_profit,2 2 2 2 2,5,2,False,1.0
2026_q2,nii,2 2 2 2 2,5,2,False,1.0
2026_q2,nim,1 1 1 1 1,5,1,False,1.0
2026_q2,opex,-1 -1 -1 -1 -1,5,-1,False,1.0
2026_q2,portfolio_quality,-1 -1 -1 -1 -1,5,-1,False,1.0
2026_q2,provisions,2 2 2 2 2,5,2,False,1.0
2026_q2,retail_loans,1 1 1 1 1,5,1,False,1.0
2026_q2,roe,1 1 1 1 1,5,1,False,1.0
2026_q2,tech_development,1 1 1 1 1,5,1,False,1.0
tbank_2024_q4,active_clients,2 2 2 2,4,2,False,1.0
tbank_2024_q4,book_value_per_share,0 0 0 0,4,0,False,1.0
tbank_2024_q4,capital_adequacy,-2 -2 -2 -2,4,-2,False,1.0
tbank_2024_q4,ceo_tone,1 2 2 2,4,2,True,0.75
tbank_2024_q4,cir,0 0 0 0,4,0,False,1.0
tbank_2024_q4,cor,-2 -2 -2 -2,4,-2,False,1.0
tbank_2024_q4,corporate_loans,0 0 0 0,4,0,False,1.0
tbank_2024_q4,customer_funds,2 2 2 2,4,2,False,1.0
tbank_2024_q4,digital_metrics,1 1 1 1,4,1,False,1.0
tbank_2024_q4,dividends,1 1 1 1,4,1,False,1.0
tbank_2024_q4,eps,0 0 0 0,4,0,False,1.0
tbank_2024_q4,external_conditions,0 -2 -1 -2,4,-2,True,0.5
tbank_2024_q4,fee_income,2 2 2 2,4,2,False,1.0
tbank_2024_q4,guidance,1 1 1 1,4,1,False,1.0
tbank_2024_q4,market_share,0 0 0 0,4,0,False,1.0
tbank_2024_q4,net_profit,2 2 2 2,4,2,False,1.0
tbank_2024_q4,nii,2 2 2 2,4,2,False,1.0
tbank_2024_q4,nim,-2 -2 -2 -2,4,-2,False,1.0
tbank_2024_q4,opex,0 0 0 2,4,0,True,0.75
tbank_2024_q4,portfolio_quality,2 2 2 2,4,2,False,1.0
tbank_2024_q4,provisions,0 0 0 0,4,0,False,1.0
tbank_2024_q4,retail_loans,0 0 0 0,4,0,False,1.0
tbank_2024_q4,roe,0 0 0 0,4,0,False,1.0
tbank_2024_q4,tech_development,1 1 1 1,4,1,False,1.0
tbank_2026_q1,active_clients,1 1 1 1 1,5,1,False,1.0
tbank_2026_q1,book_value_per_share,0 0 0 0 0,5,0,False,1.0
tbank_2026_q1,capital_adequacy,1 1 1 1 1,5,1,False,1.0
tbank_2026_q1,ceo_tone,1 1 1 1 1,5,1,False,1.0
tbank_2026_q1,cir,1 1 1 1 1,5,1,False,1.0
tbank_2026_q1,cor,-1 -1 -1 -1 -1,5,-1,False,1.0
tbank_2026_q1,corporate_loans,0 0 0 0 0,5,0,False,1.0
tbank_2026_q1,customer_funds,1 1 1 1 1,5,1,False,1.0
tbank_2026_q1,digital_metrics,1 1 1 1 1,5,1,False,1.0
tbank_2026_q1,dividends,1 1 1 1 2,5,1,True,0.8
tbank_2026_q1,eps,0 0 0 2 0,5,0,True,0.8
tbank_2026_q1,external_conditions,0 0 0 0 0,5,0,False,1.0
tbank_2026_q1,fee_income,2 2 2 2 2,5,2,False,1.0
tbank_2026_q1,guidance,1 1 1 1 1,5,1,False,1.0
tbank_2026_q1,market_share,0 0 0 0 0,5,0,False,1.0
tbank_2026_q1,net_profit,1 1 1 1 1,5,1,False,1.0
tbank_2026_q1,nii,2 2 2 2 2,5,2,False,1.0
tbank_2026_q1,nim,1 1 1 1 1,5,1,False,1.0
tbank_2026_q1,opex,0 0 0 0 0,5,0,False,1.0
tbank_2026_q1,portfolio_quality,-1 -1 -1 -1 -1,5,-1,False,1.0
tbank_2026_q1,provisions,0 0 0 0 0,5,0,False,1.0
tbank_2026_q1,retail_loans,0 0 0 0 0,5,0,False,1.0
tbank_2026_q1,roe,2 2 2 2 2,5,2,False,1.0
tbank_2026_q1,tech_development,1 1 1 1 1,5,1,False,1.0
tbank_2026_q2,active_clients,0 0 0 0 0,5,0,False,1.0
tbank_2026_q2,book_value_per_share,0 0 0 0 0,5,0,False,1.0
tbank_2026_q2,capital_adequacy,-1 -1 -1 -1 -1,5,-1,False,1.0
tbank_2026_q2,ceo_tone,1 1 1 1 1,5,1,False,1.0
tbank_2026_q2,cir,0 -1 -1 -1 -1,5,-1,True,0.8
tbank_2026_q2,cor,2 2 2 2 2,5,2,False,1.0
tbank_2026_q2,corporate_loans,0 0 0 0 0,5,0,False,1.0
tbank_2026_q2,customer_funds,1 1 1 1 1,5,1,False,1.0
tbank_2026_q2,digital_metrics,0 0 0 0 0,5,0,False,1.0
tbank_2026_q2,dividends,1 1 1 1 1,5,1,False,1.0
tbank_2026_q2,eps,0 0 1 1 0,5,0,True,0.6
tbank_2026_q2,external_conditions,0 -1 -1 -1 -1,5,-1,True,0.8
tbank_2026_q2,fee_income,1 1 1 1 1,5,1,False,1.0
tbank_2026_q2,guidance,1 1 1 1 1,5,1,False,1.0
tbank_2026_q2,market_share,1 1 1 1 1,5,1,False,1.0
tbank_2026_q2,net_profit,1 -1 -1 -1 -1,5,-1,True,0.8
tbank_2026_q2,nii,1 2 2 2 2,5,2,True,0.8
tbank_2026_q2,nim,1 1 1 1 1,5,1,False,1.0
tbank_2026_q2,opex,1 0 0 1 1,5,1,True,0.6
tbank_2026_q2,portfolio_quality,-1 -1 -1 -1 -1,5,-1,False,1.0
tbank_2026_q2,provisions,0 0 0 0 0,5,0,False,1.0
tbank_2026_q2,retail_loans,0 0 0 0 0,5,0,False,1.0
tbank_2026_q2,roe,1 -1 -1 -1 -1,5,-1,True,0.8
tbank_2026_q2,tech_development,0 0 0 1 0,5,0,True,0.8
vtb_2026_q1,active_clients,0 0 0 0 0,5,0,False,1.0
vtb_2026_q1,book_value_per_share,0 0 0 0 0,5,0,False,1.0
vtb_2026_q1,capital_adequacy,1 1 1 1 1,5,1,False,1.0
vtb_2026_q1,ceo_tone,1 2 2 2 2,5,2,True,0.8
vtb_2026_q1,cir,-2 -2 -2 -2 -2,5,-2,False,1.0
vtb_2026_q1,cor,0 0 0 0 0,5,0,False,1.0
vtb_2026_q1,corporate_loans,1 1 1 1 1,5,1,False,1.0
vtb_2026_q1,customer_funds,0 0 0 0 0,5,0,False,1.0
vtb_2026_q1,digital_metrics,0 0 0 0 0,5,0,False,1.0
vtb_2026_q1,dividends,0 0 0 0 0,5,0,False,1.0
vtb_2026_q1,eps,0 0 0 0 0,5,0,False,1.0
vtb_2026_q1,external_conditions,0 1 -1 -1 1,5,0,True,0.4
vtb_2026_q1,fee_income,1 1 1 1 1,5,1,False,1.0
vtb_2026_q1,guidance,1 1 1 1 1,5,1,False,1.0
vtb_2026_q1,market_share,0 0 0 0 0,5,0,False,1.0
vtb_2026_q1,net_profit,-1 -1 -1 -1 -1,5,-1,False,1.0
vtb_2026_q1,nii,2 2 2 2 2,5,2,False,1.0
vtb_2026_q1,nim,2 2 2 2 2,5,2,False,1.0
vtb_2026_q1,opex,-2 -2 -2 -2 -2,5,-2,False,1.0
vtb_2026_q1,portfolio_quality,1 -1 0 0 0,5,0,True,0.6
vtb_2026_q1,provisions,0 0 0 0 0,5,0,False,1.0
vtb_2026_q1,retail_loans,0 0 0 0 0,5,0,False,1.0
vtb_2026_q1,roe,-2 -2 -2 -2 -2,5,-2,False,1.0
vtb_2026_q1,tech_development,0 0 0 0 0,5,0,False,1.0
