report,net_profit,eps,roe,guidance,nii,fee_income,nim,opex,cir,cor,provisions,portfolio_quality,corporate_loans,retail_loans,customer_funds,market_share,capital_adequacy,dividends,book_value_per_share,active_clients,digital_metrics,tech_development,external_conditions,ceo_tone
2022_q4,-2,-2,-2,+0,+1,+2,+0,+0,-2,-2,-2,+1*,+1,+1,+1,+1,+1,+1,+1,+0,+1,+1,-2,-2
2023_q1,+0,+0,+0,+1,+1*,-1,+1*,+0,+0,+0,+0,+0,+1,+1,+0,+1,+1,+0,+1,+0,+0,+1,+0,+2
2023_q2,+0*,+0,+0,+1,+0*,+0,+0,+0,+0,+0,+0,+0,+1,+1,+1,+1,-1,+2,+0,+0,+0,+1,+1,+2
2023_q3,+0,+0,+0,+1,+0,+0,+0,+0,+0,+0,+0,+0,+2,+2,+2,+1,-1,+0,+1,+0,+1,+1,-1,+2
2023_q4,+2,+2,+2,+0,+2,+1,+1,+2,+2,+2,+2,+1,+2,+2,+2,+1,-1*,+0,+1,+0,+1,+1,-1*,+2
2024_q1,+1,+1,-1,+0,+2,+1,+0,-2,-2,+2,+2,+0,+0,+0,+1,+1,+0,+0,+1,+0,+0,+1,-1,+0*
2024_q2,+1,+1,+0,+1*,+2,+1,+0,-2,-2,+1,+1,+0*,+1,+1,+1,+1,+1,+2,+0,+0,+0,+1,+0*,+2
2024_q3,+0,+0,-2,+0,+1,+1,+0,+1,+1,-2*,-2,+0,+1,+1,+2,+1,-1,+1,+0,+0,+0,+1,-1,+0
2024_q4,+0,+0,-2,+1,+1,+1,-1,+1,+1,-2,-2*,-1*,+2,+1,+2,+1*,-1,+0,+1,+0,+0,+1,-1,+0
2025_q1,+1,+1,+0,+0,+2,+1,+0,+1,+1,-2,-2,-1,+0,+0,+0,+1,+1,+0,+1,+0,+0,+1,-1,+0
2025_q2,+0,+0,-2,+0,+2,-1,+1,+1,+1,-2,-2,-1,+1*,+0,+1,+1*,+1,+2,+1,+0,+0,+1,-1*,+2
2025_q3,+1,+1,-2,+0,+2,+0,+1,+0,+0,-1,-2,-1,+1,+0,+1,+1,+0,+0,+1,+0,+0,+1,-1,+1
2025_q4,+1,+1,-1,+1,+2,-1,+1,-1,-2,+1,+2,+0,+2*,+1,+1,+1,+1,+0,+2,+0,+0,+1,-1,+0*
2026_q1,+2,+2,+0,+0,+2,+0,+0,+1,+0,+0,-2,+0,+0,+0,+0,+1,+0,+0,+1,+0,+0,+1*,-1,+1
2026_q2,+2,+2,+1,+0,+2,+1,+1,-1,+1,+2,+2,-1,+0*,+1,+0,+1,+1,+2,+0,+0,+0,+1,+1,+2
tbank_2024_q4,+2,+0,+0,+1,+2,+2,-2,+0*,+0,-2,+0,+2,+0,+0,+2,+0,-2,+1,+0,+2,+1,+1,-2*,+2*
tbank_2026_q1,+1,+0*,+2,+1,+2,+2,+1,+0,+1,-1,+0,-1,+0,+0,+1,+0,+1,+1*,+0,+1,+1,+1,+0,+1
tbank_2026_q2,-1*,+0*,-1*,+1,+2*,+1,+1,+1*,-1*,+2,+0,-1,+0,+0,+1,+1,-1,+1,+0,+0,+0,+0*,-1*,+1
vtb_2026_q1,-1,+0,-2,+1,+2,+1,+2,-2,-2,+0,+0,+0*,+1,+0,+0,+0,+1,+0,+0,+0,+0,+0,+0*,+2*
