report,period,stable_of_24,stable_share,verdict_same_in_all_5,sum_min,sum_max,sums_by_run,diverged,stable_of_24_at_T0.7
2022_q4,4 кв. и 12 мес. 2022,24,1.000,True,-2,-2,-2 -2 -2 -2 -2,,22
2023_q1,1 кв. 2023,21,0.875,True,11,12,12 12 12 11 12,nii (+1 +1 +1 +0 +1); fee_income (-1 -1 -1 +0 -1); nim (+1 +1 +1 +0 +1),22
2023_q2,2 кв. 2023 (6 мес.),17,0.708,False,9,16,16 9 12 13 9,net_profit (+1 +0 +1 +1 +0); roe (+1 +0 +0 +1 +0); nii (+1 +0 +1 +1 +0); fee_income (+1 +0 +0 +0 +0); nim (+1 +0 +0 +0 +0); cir (+1 +0 +1 +1 -1); ceo_tone (+2 +1 +1 +1 +2),18
2023_q3,3 кв. 2023 (9 мес.),23,0.958,True,11,12,12 11 12 12 12,cir (+1 +0 +1 +1 +1),16
2023_q4,4 кв. и 12 мес. 2023,22,0.917,True,29,31,30 31 29 29 29,capital_adequacy (-1 +0 -1 -1 -1); external_conditions (+0 +0 -1 -1 -1),23
2024_q1,1 кв. 2024,23,0.958,True,8,9,8 9 8 9 9,portfolio_quality (+0 +1 +0 +1 +1),22
2024_q2,2 кв. 2024 (6 мес.),22,0.917,True,13,15,15 13 13 14 14,portfolio_quality (+1 +1 +0 +1 +1); external_conditions (+1 -1 +0 +0 +0),21
2024_q3,3 кв. 2024 (9 мес.),21,0.875,True,2,5,4 2 5 4 3,cor (-2 -2 +0 -2 -2); dividends (+1 +1 +1 +1 +0); ceo_tone (+1 -1 +0 +1 +1),22
2024_q4,4 кв. и 12 мес. 2024,21,0.875,True,3,4,4 4 4 3 3,provisions (-1 -2 -2 -1 -2); portfolio_quality (-1 +0 +0 -1 -1); market_share (+1 +1 +1 +0 +1),19
2025_q1,1 кв. 2025,24,1.000,True,6,6,6 6 6 6 6,,22
2025_q2,2 кв. 2025 (6 мес.),23,0.958,True,4,5,4 5 5 5 5,corporate_loans (+0 +1 +1 +1 +1),21
2025_q3,3 кв. 2025 (9 мес.),24,1.000,True,4,4,4 4 4 4 4,,23
2025_q4,4 кв. и 12 мес. 2025,21,0.875,False,11,13,13 12 11 13 11,corporate_loans (+2 +1 +1 +2 +2); customer_funds (+1 +2 +2 +2 +2); ceo_tone (+2 +1 +0 +1 -1),19
2026_q1,1 кв. 2026,22,0.917,True,7,9,7 9 9 9 8,portfolio_quality (+0 +1 +1 +1 +1); tech_development (+0 +1 +1 +1 +0),21
2026_q2,2 кв. 2026 (6 мес.),23,0.958,True,20,21,21 20 20 21 20,digital_metrics (+1 +0 +0 +1 +0),18
vtb_2026_q1,"ВТБ, 1 кв. 2026",21,0.875,True,0,3,3 2 3 0 1,portfolio_quality (+1 +1 +1 -1 +0); external_conditions (+0 -1 -1 -1 -1); ceo_tone (+1 +1 +2 +1 +1),21
tbank_2024_q4,"Т-Технологии, 4 кв. 2024",22,0.917,False,11,14,12 13 11 14 12,opex (+0 +2 +0 +2 +0); external_conditions (+0 -1 -1 +0 +0),19
tbank_2026_q1,"Т-Технологии, 1 кв. 2026",20,0.833,True,15,19,19 15 15 17 17,eps (+2 +0 +0 +2 +0); opex (+1 +0 +0 +0 +0); cor (+0 -1 -1 -1 +0); dividends (+1 +1 +1 +1 +2),18
tbank_2026_q2,"Т-Технологии, 2 кв. 2026",19,0.792,True,6,10,7 6 9 10 6,eps (+0 +0 +1 +1 +0); roe (-1 -1 -1 +1 -1); opex (+1 +0 +1 +0 +0); cir (-1 -1 -1 +0 -1); external_conditions (+0 +0 +1 +0 +0),18
